INFO - 2026-04-18 00:10:01 --> Session: Class initialized using 'CodeIgniter\Session\Handlers\FileHandler' driver.
CRITICAL - 2026-04-18 00:10:01 --> ErrorException: Attempt to read property "id" on array
[Method: GET, Route: riwayat-saldo]
in APPPATH\Views\management_saldo_history.php on line 139.
 1 APPPATH\Views\management_saldo_history.php(139): CodeIgniter\Debug\Exceptions->errorHandler(2, 'Attempt to read property "id" on array', 'C:\\xampp\\htdocs\\portal-fgroupindonesia\\app\\Views\\management_saldo_history.php', 139)
 2 SYSTEMPATH\View\View.php(234): include('C:\\xampp\\htdocs\\portal-fgroupindonesia\\app\\Views\\management_saldo_history.php')
 3 SYSTEMPATH\View\View.php(237): CodeIgniter\View\View->CodeIgniter\View\{closure}()
 4 SYSTEMPATH\Common.php(1171): CodeIgniter\View\View->render('management_saldo_history', [], true)
 5 APPPATH\Controllers\Home.php(462): view('management_saldo_history', [...])
 6 SYSTEMPATH\CodeIgniter.php(933): App\Controllers\Home->management_saldo_history()
 7 SYSTEMPATH\CodeIgniter.php(509): CodeIgniter\CodeIgniter->runController(Object(App\Controllers\Home))
 8 SYSTEMPATH\CodeIgniter.php(355): CodeIgniter\CodeIgniter->handleRequest(null, Object(Config\Cache), false)
 9 SYSTEMPATH\Boot.php(312): CodeIgniter\CodeIgniter->run()
10 SYSTEMPATH\Boot.php(67): CodeIgniter\Boot::runCodeIgniter(Object(CodeIgniter\CodeIgniter))
11 FCPATH\index.php(56): CodeIgniter\Boot::bootWeb(Object(Config\Paths))
INFO - 2026-04-18 00:11:46 --> Session: Class initialized using 'CodeIgniter\Session\Handlers\FileHandler' driver.
INFO - 2026-04-18 00:11:50 --> Session: Class initialized using 'CodeIgniter\Session\Handlers\FileHandler' driver.
INFO - 2026-04-18 00:11:50 --> Session: Class initialized using 'CodeIgniter\Session\Handlers\FileHandler' driver.
INFO - 2026-04-18 00:11:55 --> Session: Class initialized using 'CodeIgniter\Session\Handlers\FileHandler' driver.
INFO - 2026-04-18 00:11:56 --> Session: Class initialized using 'CodeIgniter\Session\Handlers\FileHandler' driver.
INFO - 2026-04-18 00:11:58 --> Session: Class initialized using 'CodeIgniter\Session\Handlers\FileHandler' driver.
CRITICAL - 2026-04-18 00:11:58 --> ErrorException: Attempt to read property "id" on array
[Method: GET, Route: riwayat-saldo]
in APPPATH\Views\management_saldo_history.php on line 139.
 1 APPPATH\Views\management_saldo_history.php(139): CodeIgniter\Debug\Exceptions->errorHandler(2, 'Attempt to read property "id" on array', 'C:\\xampp\\htdocs\\portal-fgroupindonesia\\app\\Views\\management_saldo_history.php', 139)
 2 SYSTEMPATH\View\View.php(234): include('C:\\xampp\\htdocs\\portal-fgroupindonesia\\app\\Views\\management_saldo_history.php')
 3 SYSTEMPATH\View\View.php(237): CodeIgniter\View\View->CodeIgniter\View\{closure}()
 4 SYSTEMPATH\Common.php(1171): CodeIgniter\View\View->render('management_saldo_history', [], true)
 5 APPPATH\Controllers\Home.php(462): view('management_saldo_history', [...])
 6 SYSTEMPATH\CodeIgniter.php(933): App\Controllers\Home->management_saldo_history()
 7 SYSTEMPATH\CodeIgniter.php(509): CodeIgniter\CodeIgniter->runController(Object(App\Controllers\Home))
 8 SYSTEMPATH\CodeIgniter.php(355): CodeIgniter\CodeIgniter->handleRequest(null, Object(Config\Cache), false)
 9 SYSTEMPATH\Boot.php(312): CodeIgniter\CodeIgniter->run()
10 SYSTEMPATH\Boot.php(67): CodeIgniter\Boot::runCodeIgniter(Object(CodeIgniter\CodeIgniter))
11 FCPATH\index.php(56): CodeIgniter\Boot::bootWeb(Object(Config\Paths))
INFO - 2026-04-18 00:12:37 --> Session: Class initialized using 'CodeIgniter\Session\Handlers\FileHandler' driver.
INFO - 2026-04-18 00:16:48 --> Session: Class initialized using 'CodeIgniter\Session\Handlers\FileHandler' driver.
CRITICAL - 2026-04-18 00:16:48 --> ErrorException: Declaration of App\Models\BaseModel::findAll(int $limit = 0, int $offset = 0) must be compatible with CodeIgniter\BaseModel::findAll(?int $limit = null, int $offset = 0)
[Method: GET, Route: riwayat-saldo]
in APPPATH\Models\BaseModel.php on line 13.
 1 [internal function]: CodeIgniter\Debug\Exceptions->shutdownHandler()
INFO - 2026-04-18 00:17:33 --> Session: Class initialized using 'CodeIgniter\Session\Handlers\FileHandler' driver.
CRITICAL - 2026-04-18 00:17:33 --> ErrorException: Declaration of App\Models\BaseModel::findAll(int $limit = 0, int $offset = 0) must be compatible with CodeIgniter\BaseModel::findAll(?int $limit = null, int $offset = 0)
[Method: GET, Route: riwayat-saldo]
in APPPATH\Models\BaseModel.php on line 13.
 1 [internal function]: CodeIgniter\Debug\Exceptions->shutdownHandler()
INFO - 2026-04-18 00:18:38 --> Session: Class initialized using 'CodeIgniter\Session\Handlers\FileHandler' driver.
INFO - 2026-04-18 00:18:50 --> Session: Class initialized using 'CodeIgniter\Session\Handlers\FileHandler' driver.
CRITICAL - 2026-04-18 00:18:50 --> ErrorException: Undefined array key "username"
[Method: GET, Route: riwayat-saldo]
in APPPATH\Views\management_saldo_history.php on line 150.
 1 APPPATH\Views\management_saldo_history.php(150): CodeIgniter\Debug\Exceptions->errorHandler(2, 'Undefined array key "username"', 'C:\\xampp\\htdocs\\portal-fgroupindonesia\\app\\Views\\management_saldo_history.php', 150)
 2 SYSTEMPATH\View\View.php(234): include('C:\\xampp\\htdocs\\portal-fgroupindonesia\\app\\Views\\management_saldo_history.php')
 3 SYSTEMPATH\View\View.php(237): CodeIgniter\View\View->CodeIgniter\View\{closure}()
 4 SYSTEMPATH\Common.php(1171): CodeIgniter\View\View->render('management_saldo_history', [], true)
 5 APPPATH\Controllers\Home.php(463): view('management_saldo_history', [...])
 6 SYSTEMPATH\CodeIgniter.php(933): App\Controllers\Home->management_saldo_history()
 7 SYSTEMPATH\CodeIgniter.php(509): CodeIgniter\CodeIgniter->runController(Object(App\Controllers\Home))
 8 SYSTEMPATH\CodeIgniter.php(355): CodeIgniter\CodeIgniter->handleRequest(null, Object(Config\Cache), false)
 9 SYSTEMPATH\Boot.php(312): CodeIgniter\CodeIgniter->run()
10 SYSTEMPATH\Boot.php(67): CodeIgniter\Boot::runCodeIgniter(Object(CodeIgniter\CodeIgniter))
11 FCPATH\index.php(56): CodeIgniter\Boot::bootWeb(Object(Config\Paths))
INFO - 2026-04-18 00:24:03 --> Session: Class initialized using 'CodeIgniter\Session\Handlers\FileHandler' driver.
WARNING - 2026-04-18 00:24:03 --> [DEPRECATED] number_format(): Passing null to parameter #1 ($num) of type float is deprecated in APPPATH\Helpers\my_helper.php on line 40.
 1 APPPATH\Helpers\my_helper.php(40): number_format(null, 0, ',', '.')
 2 APPPATH\Views\management_saldo_history.php(146): as_rupiah(null)
 3 SYSTEMPATH\View\View.php(234): include('C:\\xampp\\htdocs\\portal-fgroupindonesia\\app\\Views\\management_saldo_history.php')
 4 SYSTEMPATH\View\View.php(237): CodeIgniter\View\View->CodeIgniter\View\{closure}()
 5 SYSTEMPATH\Common.php(1171): CodeIgniter\View\View->render('management_saldo_history', [], true)
 6 APPPATH\Controllers\Home.php(463): view('management_saldo_history', [...])
 7 SYSTEMPATH\CodeIgniter.php(933): App\Controllers\Home->management_saldo_history()
 8 SYSTEMPATH\CodeIgniter.php(509): CodeIgniter\CodeIgniter->runController(Object(App\Controllers\Home))
 9 SYSTEMPATH\CodeIgniter.php(355): CodeIgniter\CodeIgniter->handleRequest(null, Object(Config\Cache), false)
10 SYSTEMPATH\Boot.php(312): CodeIgniter\CodeIgniter->run()
11 SYSTEMPATH\Boot.php(67): CodeIgniter\Boot::runCodeIgniter(Object(CodeIgniter\CodeIgniter))
12 FCPATH\index.php(56): CodeIgniter\Boot::bootWeb(Object(Config\Paths))
WARNING - 2026-04-18 00:24:03 --> [DEPRECATED] number_format(): Passing null to parameter #1 ($num) of type float is deprecated in APPPATH\Helpers\my_helper.php on line 40.
 1 APPPATH\Helpers\my_helper.php(40): number_format(null, 0, ',', '.')
 2 APPPATH\Views\management_saldo_history.php(148): as_rupiah(null)
 3 SYSTEMPATH\View\View.php(234): include('C:\\xampp\\htdocs\\portal-fgroupindonesia\\app\\Views\\management_saldo_history.php')
 4 SYSTEMPATH\View\View.php(237): CodeIgniter\View\View->CodeIgniter\View\{closure}()
 5 SYSTEMPATH\Common.php(1171): CodeIgniter\View\View->render('management_saldo_history', [], true)
 6 APPPATH\Controllers\Home.php(463): view('management_saldo_history', [...])
 7 SYSTEMPATH\CodeIgniter.php(933): App\Controllers\Home->management_saldo_history()
 8 SYSTEMPATH\CodeIgniter.php(509): CodeIgniter\CodeIgniter->runController(Object(App\Controllers\Home))
 9 SYSTEMPATH\CodeIgniter.php(355): CodeIgniter\CodeIgniter->handleRequest(null, Object(Config\Cache), false)
10 SYSTEMPATH\Boot.php(312): CodeIgniter\CodeIgniter->run()
11 SYSTEMPATH\Boot.php(67): CodeIgniter\Boot::runCodeIgniter(Object(CodeIgniter\CodeIgniter))
12 FCPATH\index.php(56): CodeIgniter\Boot::bootWeb(Object(Config\Paths))
INFO - 2026-04-18 00:24:19 --> Session: Class initialized using 'CodeIgniter\Session\Handlers\FileHandler' driver.
WARNING - 2026-04-18 00:24:19 --> [DEPRECATED] number_format(): Passing null to parameter #1 ($num) of type float is deprecated in APPPATH\Helpers\my_helper.php on line 40.
 1 APPPATH\Helpers\my_helper.php(40): number_format(null, 0, ',', '.')
 2 APPPATH\Views\management_saldo_history.php(146): as_rupiah(null)
 3 SYSTEMPATH\View\View.php(234): include('C:\\xampp\\htdocs\\portal-fgroupindonesia\\app\\Views\\management_saldo_history.php')
 4 SYSTEMPATH\View\View.php(237): CodeIgniter\View\View->CodeIgniter\View\{closure}()
 5 SYSTEMPATH\Common.php(1171): CodeIgniter\View\View->render('management_saldo_history', [], true)
 6 APPPATH\Controllers\Home.php(463): view('management_saldo_history', [...])
 7 SYSTEMPATH\CodeIgniter.php(933): App\Controllers\Home->management_saldo_history()
 8 SYSTEMPATH\CodeIgniter.php(509): CodeIgniter\CodeIgniter->runController(Object(App\Controllers\Home))
 9 SYSTEMPATH\CodeIgniter.php(355): CodeIgniter\CodeIgniter->handleRequest(null, Object(Config\Cache), false)
10 SYSTEMPATH\Boot.php(312): CodeIgniter\CodeIgniter->run()
11 SYSTEMPATH\Boot.php(67): CodeIgniter\Boot::runCodeIgniter(Object(CodeIgniter\CodeIgniter))
12 FCPATH\index.php(56): CodeIgniter\Boot::bootWeb(Object(Config\Paths))
WARNING - 2026-04-18 00:24:19 --> [DEPRECATED] number_format(): Passing null to parameter #1 ($num) of type float is deprecated in APPPATH\Helpers\my_helper.php on line 40.
 1 APPPATH\Helpers\my_helper.php(40): number_format(null, 0, ',', '.')
 2 APPPATH\Views\management_saldo_history.php(148): as_rupiah(null)
 3 SYSTEMPATH\View\View.php(234): include('C:\\xampp\\htdocs\\portal-fgroupindonesia\\app\\Views\\management_saldo_history.php')
 4 SYSTEMPATH\View\View.php(237): CodeIgniter\View\View->CodeIgniter\View\{closure}()
 5 SYSTEMPATH\Common.php(1171): CodeIgniter\View\View->render('management_saldo_history', [], true)
 6 APPPATH\Controllers\Home.php(463): view('management_saldo_history', [...])
 7 SYSTEMPATH\CodeIgniter.php(933): App\Controllers\Home->management_saldo_history()
 8 SYSTEMPATH\CodeIgniter.php(509): CodeIgniter\CodeIgniter->runController(Object(App\Controllers\Home))
 9 SYSTEMPATH\CodeIgniter.php(355): CodeIgniter\CodeIgniter->handleRequest(null, Object(Config\Cache), false)
10 SYSTEMPATH\Boot.php(312): CodeIgniter\CodeIgniter->run()
11 SYSTEMPATH\Boot.php(67): CodeIgniter\Boot::runCodeIgniter(Object(CodeIgniter\CodeIgniter))
12 FCPATH\index.php(56): CodeIgniter\Boot::bootWeb(Object(Config\Paths))
INFO - 2026-04-18 01:13:30 --> Session: Class initialized using 'CodeIgniter\Session\Handlers\FileHandler' driver.
WARNING - 2026-04-18 01:13:30 --> [DEPRECATED] number_format(): Passing null to parameter #1 ($num) of type float is deprecated in APPPATH\Views\management_pembayaran.php on line 127.
 1 APPPATH\Views\management_pembayaran.php(127): number_format(null)
 2 SYSTEMPATH\View\View.php(234): include('C:\\xampp\\htdocs\\portal-fgroupindonesia\\app\\Views\\management_pembayaran.php')
 3 SYSTEMPATH\View\View.php(237): CodeIgniter\View\View->CodeIgniter\View\{closure}()
 4 SYSTEMPATH\Common.php(1171): CodeIgniter\View\View->render('management_pembayaran', [], true)
 5 APPPATH\Controllers\Home.php(100): view('management_pembayaran', [...])
 6 SYSTEMPATH\CodeIgniter.php(933): App\Controllers\Home->management_pembayaran()
 7 SYSTEMPATH\CodeIgniter.php(509): CodeIgniter\CodeIgniter->runController(Object(App\Controllers\Home))
 8 SYSTEMPATH\CodeIgniter.php(355): CodeIgniter\CodeIgniter->handleRequest(null, Object(Config\Cache), false)
 9 SYSTEMPATH\Boot.php(312): CodeIgniter\CodeIgniter->run()
10 SYSTEMPATH\Boot.php(67): CodeIgniter\Boot::runCodeIgniter(Object(CodeIgniter\CodeIgniter))
11 FCPATH\index.php(56): CodeIgniter\Boot::bootWeb(Object(Config\Paths))
WARNING - 2026-04-18 01:13:30 --> [DEPRECATED] number_format(): Passing null to parameter #1 ($num) of type float is deprecated in APPPATH\Views\management_pembayaran.php on line 129.
 1 APPPATH\Views\management_pembayaran.php(129): number_format(null)
 2 SYSTEMPATH\View\View.php(234): include('C:\\xampp\\htdocs\\portal-fgroupindonesia\\app\\Views\\management_pembayaran.php')
 3 SYSTEMPATH\View\View.php(237): CodeIgniter\View\View->CodeIgniter\View\{closure}()
 4 SYSTEMPATH\Common.php(1171): CodeIgniter\View\View->render('management_pembayaran', [], true)
 5 APPPATH\Controllers\Home.php(100): view('management_pembayaran', [...])
 6 SYSTEMPATH\CodeIgniter.php(933): App\Controllers\Home->management_pembayaran()
 7 SYSTEMPATH\CodeIgniter.php(509): CodeIgniter\CodeIgniter->runController(Object(App\Controllers\Home))
 8 SYSTEMPATH\CodeIgniter.php(355): CodeIgniter\CodeIgniter->handleRequest(null, Object(Config\Cache), false)
 9 SYSTEMPATH\Boot.php(312): CodeIgniter\CodeIgniter->run()
10 SYSTEMPATH\Boot.php(67): CodeIgniter\Boot::runCodeIgniter(Object(CodeIgniter\CodeIgniter))
11 FCPATH\index.php(56): CodeIgniter\Boot::bootWeb(Object(Config\Paths))
INFO - 2026-04-18 01:13:42 --> Session: Class initialized using 'CodeIgniter\Session\Handlers\FileHandler' driver.
WARNING - 2026-04-18 01:13:42 --> [DEPRECATED] number_format(): Passing null to parameter #1 ($num) of type float is deprecated in APPPATH\Helpers\my_helper.php on line 40.
 1 APPPATH\Helpers\my_helper.php(40): number_format(null, 0, ',', '.')
 2 APPPATH\Views\management_saldo_history.php(146): as_rupiah(null)
 3 SYSTEMPATH\View\View.php(234): include('C:\\xampp\\htdocs\\portal-fgroupindonesia\\app\\Views\\management_saldo_history.php')
 4 SYSTEMPATH\View\View.php(237): CodeIgniter\View\View->CodeIgniter\View\{closure}()
 5 SYSTEMPATH\Common.php(1171): CodeIgniter\View\View->render('management_saldo_history', [], true)
 6 APPPATH\Controllers\Home.php(463): view('management_saldo_history', [...])
 7 SYSTEMPATH\CodeIgniter.php(933): App\Controllers\Home->management_saldo_history()
 8 SYSTEMPATH\CodeIgniter.php(509): CodeIgniter\CodeIgniter->runController(Object(App\Controllers\Home))
 9 SYSTEMPATH\CodeIgniter.php(355): CodeIgniter\CodeIgniter->handleRequest(null, Object(Config\Cache), false)
10 SYSTEMPATH\Boot.php(312): CodeIgniter\CodeIgniter->run()
11 SYSTEMPATH\Boot.php(67): CodeIgniter\Boot::runCodeIgniter(Object(CodeIgniter\CodeIgniter))
12 FCPATH\index.php(56): CodeIgniter\Boot::bootWeb(Object(Config\Paths))
WARNING - 2026-04-18 01:13:42 --> [DEPRECATED] number_format(): Passing null to parameter #1 ($num) of type float is deprecated in APPPATH\Helpers\my_helper.php on line 40.
 1 APPPATH\Helpers\my_helper.php(40): number_format(null, 0, ',', '.')
 2 APPPATH\Views\management_saldo_history.php(148): as_rupiah(null)
 3 SYSTEMPATH\View\View.php(234): include('C:\\xampp\\htdocs\\portal-fgroupindonesia\\app\\Views\\management_saldo_history.php')
 4 SYSTEMPATH\View\View.php(237): CodeIgniter\View\View->CodeIgniter\View\{closure}()
 5 SYSTEMPATH\Common.php(1171): CodeIgniter\View\View->render('management_saldo_history', [], true)
 6 APPPATH\Controllers\Home.php(463): view('management_saldo_history', [...])
 7 SYSTEMPATH\CodeIgniter.php(933): App\Controllers\Home->management_saldo_history()
 8 SYSTEMPATH\CodeIgniter.php(509): CodeIgniter\CodeIgniter->runController(Object(App\Controllers\Home))
 9 SYSTEMPATH\CodeIgniter.php(355): CodeIgniter\CodeIgniter->handleRequest(null, Object(Config\Cache), false)
10 SYSTEMPATH\Boot.php(312): CodeIgniter\CodeIgniter->run()
11 SYSTEMPATH\Boot.php(67): CodeIgniter\Boot::runCodeIgniter(Object(CodeIgniter\CodeIgniter))
12 FCPATH\index.php(56): CodeIgniter\Boot::bootWeb(Object(Config\Paths))
INFO - 2026-04-18 01:13:51 --> Session: Class initialized using 'CodeIgniter\Session\Handlers\FileHandler' driver.
WARNING - 2026-04-18 01:13:51 --> [DEPRECATED] number_format(): Passing null to parameter #1 ($num) of type float is deprecated in APPPATH\Views\management_pembayaran.php on line 127.
 1 APPPATH\Views\management_pembayaran.php(127): number_format(null)
 2 SYSTEMPATH\View\View.php(234): include('C:\\xampp\\htdocs\\portal-fgroupindonesia\\app\\Views\\management_pembayaran.php')
 3 SYSTEMPATH\View\View.php(237): CodeIgniter\View\View->CodeIgniter\View\{closure}()
 4 SYSTEMPATH\Common.php(1171): CodeIgniter\View\View->render('management_pembayaran', [], true)
 5 APPPATH\Controllers\Home.php(100): view('management_pembayaran', [...])
 6 SYSTEMPATH\CodeIgniter.php(933): App\Controllers\Home->management_pembayaran()
 7 SYSTEMPATH\CodeIgniter.php(509): CodeIgniter\CodeIgniter->runController(Object(App\Controllers\Home))
 8 SYSTEMPATH\CodeIgniter.php(355): CodeIgniter\CodeIgniter->handleRequest(null, Object(Config\Cache), false)
 9 SYSTEMPATH\Boot.php(312): CodeIgniter\CodeIgniter->run()
10 SYSTEMPATH\Boot.php(67): CodeIgniter\Boot::runCodeIgniter(Object(CodeIgniter\CodeIgniter))
11 FCPATH\index.php(56): CodeIgniter\Boot::bootWeb(Object(Config\Paths))
WARNING - 2026-04-18 01:13:51 --> [DEPRECATED] number_format(): Passing null to parameter #1 ($num) of type float is deprecated in APPPATH\Views\management_pembayaran.php on line 129.
 1 APPPATH\Views\management_pembayaran.php(129): number_format(null)
 2 SYSTEMPATH\View\View.php(234): include('C:\\xampp\\htdocs\\portal-fgroupindonesia\\app\\Views\\management_pembayaran.php')
 3 SYSTEMPATH\View\View.php(237): CodeIgniter\View\View->CodeIgniter\View\{closure}()
 4 SYSTEMPATH\Common.php(1171): CodeIgniter\View\View->render('management_pembayaran', [], true)
 5 APPPATH\Controllers\Home.php(100): view('management_pembayaran', [...])
 6 SYSTEMPATH\CodeIgniter.php(933): App\Controllers\Home->management_pembayaran()
 7 SYSTEMPATH\CodeIgniter.php(509): CodeIgniter\CodeIgniter->runController(Object(App\Controllers\Home))
 8 SYSTEMPATH\CodeIgniter.php(355): CodeIgniter\CodeIgniter->handleRequest(null, Object(Config\Cache), false)
 9 SYSTEMPATH\Boot.php(312): CodeIgniter\CodeIgniter->run()
10 SYSTEMPATH\Boot.php(67): CodeIgniter\Boot::runCodeIgniter(Object(CodeIgniter\CodeIgniter))
11 FCPATH\index.php(56): CodeIgniter\Boot::bootWeb(Object(Config\Paths))
INFO - 2026-04-18 01:14:02 --> Session: Class initialized using 'CodeIgniter\Session\Handlers\FileHandler' driver.
WARNING - 2026-04-18 01:14:02 --> [DEPRECATED] number_format(): Passing null to parameter #1 ($num) of type float is deprecated in APPPATH\Helpers\my_helper.php on line 40.
 1 APPPATH\Helpers\my_helper.php(40): number_format(null, 0, ',', '.')
 2 APPPATH\Views\management_saldo_history.php(146): as_rupiah(null)
 3 SYSTEMPATH\View\View.php(234): include('C:\\xampp\\htdocs\\portal-fgroupindonesia\\app\\Views\\management_saldo_history.php')
 4 SYSTEMPATH\View\View.php(237): CodeIgniter\View\View->CodeIgniter\View\{closure}()
 5 SYSTEMPATH\Common.php(1171): CodeIgniter\View\View->render('management_saldo_history', [], true)
 6 APPPATH\Controllers\Home.php(463): view('management_saldo_history', [...])
 7 SYSTEMPATH\CodeIgniter.php(933): App\Controllers\Home->management_saldo_history()
 8 SYSTEMPATH\CodeIgniter.php(509): CodeIgniter\CodeIgniter->runController(Object(App\Controllers\Home))
 9 SYSTEMPATH\CodeIgniter.php(355): CodeIgniter\CodeIgniter->handleRequest(null, Object(Config\Cache), false)
10 SYSTEMPATH\Boot.php(312): CodeIgniter\CodeIgniter->run()
11 SYSTEMPATH\Boot.php(67): CodeIgniter\Boot::runCodeIgniter(Object(CodeIgniter\CodeIgniter))
12 FCPATH\index.php(56): CodeIgniter\Boot::bootWeb(Object(Config\Paths))
WARNING - 2026-04-18 01:14:02 --> [DEPRECATED] number_format(): Passing null to parameter #1 ($num) of type float is deprecated in APPPATH\Helpers\my_helper.php on line 40.
 1 APPPATH\Helpers\my_helper.php(40): number_format(null, 0, ',', '.')
 2 APPPATH\Views\management_saldo_history.php(148): as_rupiah(null)
 3 SYSTEMPATH\View\View.php(234): include('C:\\xampp\\htdocs\\portal-fgroupindonesia\\app\\Views\\management_saldo_history.php')
 4 SYSTEMPATH\View\View.php(237): CodeIgniter\View\View->CodeIgniter\View\{closure}()
 5 SYSTEMPATH\Common.php(1171): CodeIgniter\View\View->render('management_saldo_history', [], true)
 6 APPPATH\Controllers\Home.php(463): view('management_saldo_history', [...])
 7 SYSTEMPATH\CodeIgniter.php(933): App\Controllers\Home->management_saldo_history()
 8 SYSTEMPATH\CodeIgniter.php(509): CodeIgniter\CodeIgniter->runController(Object(App\Controllers\Home))
 9 SYSTEMPATH\CodeIgniter.php(355): CodeIgniter\CodeIgniter->handleRequest(null, Object(Config\Cache), false)
10 SYSTEMPATH\Boot.php(312): CodeIgniter\CodeIgniter->run()
11 SYSTEMPATH\Boot.php(67): CodeIgniter\Boot::runCodeIgniter(Object(CodeIgniter\CodeIgniter))
12 FCPATH\index.php(56): CodeIgniter\Boot::bootWeb(Object(Config\Paths))
INFO - 2026-04-18 01:14:10 --> Session: Class initialized using 'CodeIgniter\Session\Handlers\FileHandler' driver.
WARNING - 2026-04-18 01:14:10 --> [DEPRECATED] number_format(): Passing null to parameter #1 ($num) of type float is deprecated in APPPATH\Views\management_pembayaran.php on line 127.
 1 APPPATH\Views\management_pembayaran.php(127): number_format(null)
 2 SYSTEMPATH\View\View.php(234): include('C:\\xampp\\htdocs\\portal-fgroupindonesia\\app\\Views\\management_pembayaran.php')
 3 SYSTEMPATH\View\View.php(237): CodeIgniter\View\View->CodeIgniter\View\{closure}()
 4 SYSTEMPATH\Common.php(1171): CodeIgniter\View\View->render('management_pembayaran', [], true)
 5 APPPATH\Controllers\Home.php(100): view('management_pembayaran', [...])
 6 SYSTEMPATH\CodeIgniter.php(933): App\Controllers\Home->management_pembayaran()
 7 SYSTEMPATH\CodeIgniter.php(509): CodeIgniter\CodeIgniter->runController(Object(App\Controllers\Home))
 8 SYSTEMPATH\CodeIgniter.php(355): CodeIgniter\CodeIgniter->handleRequest(null, Object(Config\Cache), false)
 9 SYSTEMPATH\Boot.php(312): CodeIgniter\CodeIgniter->run()
10 SYSTEMPATH\Boot.php(67): CodeIgniter\Boot::runCodeIgniter(Object(CodeIgniter\CodeIgniter))
11 FCPATH\index.php(56): CodeIgniter\Boot::bootWeb(Object(Config\Paths))
WARNING - 2026-04-18 01:14:10 --> [DEPRECATED] number_format(): Passing null to parameter #1 ($num) of type float is deprecated in APPPATH\Views\management_pembayaran.php on line 129.
 1 APPPATH\Views\management_pembayaran.php(129): number_format(null)
 2 SYSTEMPATH\View\View.php(234): include('C:\\xampp\\htdocs\\portal-fgroupindonesia\\app\\Views\\management_pembayaran.php')
 3 SYSTEMPATH\View\View.php(237): CodeIgniter\View\View->CodeIgniter\View\{closure}()
 4 SYSTEMPATH\Common.php(1171): CodeIgniter\View\View->render('management_pembayaran', [], true)
 5 APPPATH\Controllers\Home.php(100): view('management_pembayaran', [...])
 6 SYSTEMPATH\CodeIgniter.php(933): App\Controllers\Home->management_pembayaran()
 7 SYSTEMPATH\CodeIgniter.php(509): CodeIgniter\CodeIgniter->runController(Object(App\Controllers\Home))
 8 SYSTEMPATH\CodeIgniter.php(355): CodeIgniter\CodeIgniter->handleRequest(null, Object(Config\Cache), false)
 9 SYSTEMPATH\Boot.php(312): CodeIgniter\CodeIgniter->run()
10 SYSTEMPATH\Boot.php(67): CodeIgniter\Boot::runCodeIgniter(Object(CodeIgniter\CodeIgniter))
11 FCPATH\index.php(56): CodeIgniter\Boot::bootWeb(Object(Config\Paths))
INFO - 2026-04-18 01:14:20 --> Session: Class initialized using 'CodeIgniter\Session\Handlers\FileHandler' driver.
WARNING - 2026-04-18 01:14:20 --> [DEPRECATED] number_format(): Passing null to parameter #1 ($num) of type float is deprecated in APPPATH\Helpers\my_helper.php on line 40.
 1 APPPATH\Helpers\my_helper.php(40): number_format(null, 0, ',', '.')
 2 APPPATH\Views\management_saldo_history.php(146): as_rupiah(null)
 3 SYSTEMPATH\View\View.php(234): include('C:\\xampp\\htdocs\\portal-fgroupindonesia\\app\\Views\\management_saldo_history.php')
 4 SYSTEMPATH\View\View.php(237): CodeIgniter\View\View->CodeIgniter\View\{closure}()
 5 SYSTEMPATH\Common.php(1171): CodeIgniter\View\View->render('management_saldo_history', [], true)
 6 APPPATH\Controllers\Home.php(463): view('management_saldo_history', [...])
 7 SYSTEMPATH\CodeIgniter.php(933): App\Controllers\Home->management_saldo_history()
 8 SYSTEMPATH\CodeIgniter.php(509): CodeIgniter\CodeIgniter->runController(Object(App\Controllers\Home))
 9 SYSTEMPATH\CodeIgniter.php(355): CodeIgniter\CodeIgniter->handleRequest(null, Object(Config\Cache), false)
10 SYSTEMPATH\Boot.php(312): CodeIgniter\CodeIgniter->run()
11 SYSTEMPATH\Boot.php(67): CodeIgniter\Boot::runCodeIgniter(Object(CodeIgniter\CodeIgniter))
12 FCPATH\index.php(56): CodeIgniter\Boot::bootWeb(Object(Config\Paths))
WARNING - 2026-04-18 01:14:20 --> [DEPRECATED] number_format(): Passing null to parameter #1 ($num) of type float is deprecated in APPPATH\Helpers\my_helper.php on line 40.
 1 APPPATH\Helpers\my_helper.php(40): number_format(null, 0, ',', '.')
 2 APPPATH\Views\management_saldo_history.php(148): as_rupiah(null)
 3 SYSTEMPATH\View\View.php(234): include('C:\\xampp\\htdocs\\portal-fgroupindonesia\\app\\Views\\management_saldo_history.php')
 4 SYSTEMPATH\View\View.php(237): CodeIgniter\View\View->CodeIgniter\View\{closure}()
 5 SYSTEMPATH\Common.php(1171): CodeIgniter\View\View->render('management_saldo_history', [], true)
 6 APPPATH\Controllers\Home.php(463): view('management_saldo_history', [...])
 7 SYSTEMPATH\CodeIgniter.php(933): App\Controllers\Home->management_saldo_history()
 8 SYSTEMPATH\CodeIgniter.php(509): CodeIgniter\CodeIgniter->runController(Object(App\Controllers\Home))
 9 SYSTEMPATH\CodeIgniter.php(355): CodeIgniter\CodeIgniter->handleRequest(null, Object(Config\Cache), false)
10 SYSTEMPATH\Boot.php(312): CodeIgniter\CodeIgniter->run()
11 SYSTEMPATH\Boot.php(67): CodeIgniter\Boot::runCodeIgniter(Object(CodeIgniter\CodeIgniter))
12 FCPATH\index.php(56): CodeIgniter\Boot::bootWeb(Object(Config\Paths))
INFO - 2026-04-18 01:14:55 --> Session: Class initialized using 'CodeIgniter\Session\Handlers\FileHandler' driver.
WARNING - 2026-04-18 01:14:55 --> [DEPRECATED] number_format(): Passing null to parameter #1 ($num) of type float is deprecated in APPPATH\Views\management_pembayaran.php on line 127.
 1 APPPATH\Views\management_pembayaran.php(127): number_format(null)
 2 SYSTEMPATH\View\View.php(234): include('C:\\xampp\\htdocs\\portal-fgroupindonesia\\app\\Views\\management_pembayaran.php')
 3 SYSTEMPATH\View\View.php(237): CodeIgniter\View\View->CodeIgniter\View\{closure}()
 4 SYSTEMPATH\Common.php(1171): CodeIgniter\View\View->render('management_pembayaran', [], true)
 5 APPPATH\Controllers\Home.php(100): view('management_pembayaran', [...])
 6 SYSTEMPATH\CodeIgniter.php(933): App\Controllers\Home->management_pembayaran()
 7 SYSTEMPATH\CodeIgniter.php(509): CodeIgniter\CodeIgniter->runController(Object(App\Controllers\Home))
 8 SYSTEMPATH\CodeIgniter.php(355): CodeIgniter\CodeIgniter->handleRequest(null, Object(Config\Cache), false)
 9 SYSTEMPATH\Boot.php(312): CodeIgniter\CodeIgniter->run()
10 SYSTEMPATH\Boot.php(67): CodeIgniter\Boot::runCodeIgniter(Object(CodeIgniter\CodeIgniter))
11 FCPATH\index.php(56): CodeIgniter\Boot::bootWeb(Object(Config\Paths))
WARNING - 2026-04-18 01:14:55 --> [DEPRECATED] number_format(): Passing null to parameter #1 ($num) of type float is deprecated in APPPATH\Views\management_pembayaran.php on line 129.
 1 APPPATH\Views\management_pembayaran.php(129): number_format(null)
 2 SYSTEMPATH\View\View.php(234): include('C:\\xampp\\htdocs\\portal-fgroupindonesia\\app\\Views\\management_pembayaran.php')
 3 SYSTEMPATH\View\View.php(237): CodeIgniter\View\View->CodeIgniter\View\{closure}()
 4 SYSTEMPATH\Common.php(1171): CodeIgniter\View\View->render('management_pembayaran', [], true)
 5 APPPATH\Controllers\Home.php(100): view('management_pembayaran', [...])
 6 SYSTEMPATH\CodeIgniter.php(933): App\Controllers\Home->management_pembayaran()
 7 SYSTEMPATH\CodeIgniter.php(509): CodeIgniter\CodeIgniter->runController(Object(App\Controllers\Home))
 8 SYSTEMPATH\CodeIgniter.php(355): CodeIgniter\CodeIgniter->handleRequest(null, Object(Config\Cache), false)
 9 SYSTEMPATH\Boot.php(312): CodeIgniter\CodeIgniter->run()
10 SYSTEMPATH\Boot.php(67): CodeIgniter\Boot::runCodeIgniter(Object(CodeIgniter\CodeIgniter))
11 FCPATH\index.php(56): CodeIgniter\Boot::bootWeb(Object(Config\Paths))
INFO - 2026-04-18 01:15:00 --> Session: Class initialized using 'CodeIgniter\Session\Handlers\FileHandler' driver.
WARNING - 2026-04-18 01:15:00 --> [DEPRECATED] number_format(): Passing null to parameter #1 ($num) of type float is deprecated in APPPATH\Helpers\my_helper.php on line 40.
 1 APPPATH\Helpers\my_helper.php(40): number_format(null, 0, ',', '.')
 2 APPPATH\Views\management_saldo_history.php(146): as_rupiah(null)
 3 SYSTEMPATH\View\View.php(234): include('C:\\xampp\\htdocs\\portal-fgroupindonesia\\app\\Views\\management_saldo_history.php')
 4 SYSTEMPATH\View\View.php(237): CodeIgniter\View\View->CodeIgniter\View\{closure}()
 5 SYSTEMPATH\Common.php(1171): CodeIgniter\View\View->render('management_saldo_history', [], true)
 6 APPPATH\Controllers\Home.php(463): view('management_saldo_history', [...])
 7 SYSTEMPATH\CodeIgniter.php(933): App\Controllers\Home->management_saldo_history()
 8 SYSTEMPATH\CodeIgniter.php(509): CodeIgniter\CodeIgniter->runController(Object(App\Controllers\Home))
 9 SYSTEMPATH\CodeIgniter.php(355): CodeIgniter\CodeIgniter->handleRequest(null, Object(Config\Cache), false)
10 SYSTEMPATH\Boot.php(312): CodeIgniter\CodeIgniter->run()
11 SYSTEMPATH\Boot.php(67): CodeIgniter\Boot::runCodeIgniter(Object(CodeIgniter\CodeIgniter))
12 FCPATH\index.php(56): CodeIgniter\Boot::bootWeb(Object(Config\Paths))
WARNING - 2026-04-18 01:15:00 --> [DEPRECATED] number_format(): Passing null to parameter #1 ($num) of type float is deprecated in APPPATH\Helpers\my_helper.php on line 40.
 1 APPPATH\Helpers\my_helper.php(40): number_format(null, 0, ',', '.')
 2 APPPATH\Views\management_saldo_history.php(148): as_rupiah(null)
 3 SYSTEMPATH\View\View.php(234): include('C:\\xampp\\htdocs\\portal-fgroupindonesia\\app\\Views\\management_saldo_history.php')
 4 SYSTEMPATH\View\View.php(237): CodeIgniter\View\View->CodeIgniter\View\{closure}()
 5 SYSTEMPATH\Common.php(1171): CodeIgniter\View\View->render('management_saldo_history', [], true)
 6 APPPATH\Controllers\Home.php(463): view('management_saldo_history', [...])
 7 SYSTEMPATH\CodeIgniter.php(933): App\Controllers\Home->management_saldo_history()
 8 SYSTEMPATH\CodeIgniter.php(509): CodeIgniter\CodeIgniter->runController(Object(App\Controllers\Home))
 9 SYSTEMPATH\CodeIgniter.php(355): CodeIgniter\CodeIgniter->handleRequest(null, Object(Config\Cache), false)
10 SYSTEMPATH\Boot.php(312): CodeIgniter\CodeIgniter->run()
11 SYSTEMPATH\Boot.php(67): CodeIgniter\Boot::runCodeIgniter(Object(CodeIgniter\CodeIgniter))
12 FCPATH\index.php(56): CodeIgniter\Boot::bootWeb(Object(Config\Paths))
INFO - 2026-04-18 01:15:16 --> Session: Class initialized using 'CodeIgniter\Session\Handlers\FileHandler' driver.
WARNING - 2026-04-18 01:15:16 --> [DEPRECATED] number_format(): Passing null to parameter #1 ($num) of type float is deprecated in APPPATH\Views\management_pembayaran.php on line 127.
 1 APPPATH\Views\management_pembayaran.php(127): number_format(null)
 2 SYSTEMPATH\View\View.php(234): include('C:\\xampp\\htdocs\\portal-fgroupindonesia\\app\\Views\\management_pembayaran.php')
 3 SYSTEMPATH\View\View.php(237): CodeIgniter\View\View->CodeIgniter\View\{closure}()
 4 SYSTEMPATH\Common.php(1171): CodeIgniter\View\View->render('management_pembayaran', [], true)
 5 APPPATH\Controllers\Home.php(100): view('management_pembayaran', [...])
 6 SYSTEMPATH\CodeIgniter.php(933): App\Controllers\Home->management_pembayaran()
 7 SYSTEMPATH\CodeIgniter.php(509): CodeIgniter\CodeIgniter->runController(Object(App\Controllers\Home))
 8 SYSTEMPATH\CodeIgniter.php(355): CodeIgniter\CodeIgniter->handleRequest(null, Object(Config\Cache), false)
 9 SYSTEMPATH\Boot.php(312): CodeIgniter\CodeIgniter->run()
10 SYSTEMPATH\Boot.php(67): CodeIgniter\Boot::runCodeIgniter(Object(CodeIgniter\CodeIgniter))
11 FCPATH\index.php(56): CodeIgniter\Boot::bootWeb(Object(Config\Paths))
WARNING - 2026-04-18 01:15:16 --> [DEPRECATED] number_format(): Passing null to parameter #1 ($num) of type float is deprecated in APPPATH\Views\management_pembayaran.php on line 129.
 1 APPPATH\Views\management_pembayaran.php(129): number_format(null)
 2 SYSTEMPATH\View\View.php(234): include('C:\\xampp\\htdocs\\portal-fgroupindonesia\\app\\Views\\management_pembayaran.php')
 3 SYSTEMPATH\View\View.php(237): CodeIgniter\View\View->CodeIgniter\View\{closure}()
 4 SYSTEMPATH\Common.php(1171): CodeIgniter\View\View->render('management_pembayaran', [], true)
 5 APPPATH\Controllers\Home.php(100): view('management_pembayaran', [...])
 6 SYSTEMPATH\CodeIgniter.php(933): App\Controllers\Home->management_pembayaran()
 7 SYSTEMPATH\CodeIgniter.php(509): CodeIgniter\CodeIgniter->runController(Object(App\Controllers\Home))
 8 SYSTEMPATH\CodeIgniter.php(355): CodeIgniter\CodeIgniter->handleRequest(null, Object(Config\Cache), false)
 9 SYSTEMPATH\Boot.php(312): CodeIgniter\CodeIgniter->run()
10 SYSTEMPATH\Boot.php(67): CodeIgniter\Boot::runCodeIgniter(Object(CodeIgniter\CodeIgniter))
11 FCPATH\index.php(56): CodeIgniter\Boot::bootWeb(Object(Config\Paths))
INFO - 2026-04-18 01:15:19 --> Session: Class initialized using 'CodeIgniter\Session\Handlers\FileHandler' driver.
WARNING - 2026-04-18 01:15:19 --> [DEPRECATED] number_format(): Passing null to parameter #1 ($num) of type float is deprecated in APPPATH\Helpers\my_helper.php on line 40.
 1 APPPATH\Helpers\my_helper.php(40): number_format(null, 0, ',', '.')
 2 APPPATH\Views\management_saldo_history.php(146): as_rupiah(null)
 3 SYSTEMPATH\View\View.php(234): include('C:\\xampp\\htdocs\\portal-fgroupindonesia\\app\\Views\\management_saldo_history.php')
 4 SYSTEMPATH\View\View.php(237): CodeIgniter\View\View->CodeIgniter\View\{closure}()
 5 SYSTEMPATH\Common.php(1171): CodeIgniter\View\View->render('management_saldo_history', [], true)
 6 APPPATH\Controllers\Home.php(463): view('management_saldo_history', [...])
 7 SYSTEMPATH\CodeIgniter.php(933): App\Controllers\Home->management_saldo_history()
 8 SYSTEMPATH\CodeIgniter.php(509): CodeIgniter\CodeIgniter->runController(Object(App\Controllers\Home))
 9 SYSTEMPATH\CodeIgniter.php(355): CodeIgniter\CodeIgniter->handleRequest(null, Object(Config\Cache), false)
10 SYSTEMPATH\Boot.php(312): CodeIgniter\CodeIgniter->run()
11 SYSTEMPATH\Boot.php(67): CodeIgniter\Boot::runCodeIgniter(Object(CodeIgniter\CodeIgniter))
12 FCPATH\index.php(56): CodeIgniter\Boot::bootWeb(Object(Config\Paths))
WARNING - 2026-04-18 01:15:19 --> [DEPRECATED] number_format(): Passing null to parameter #1 ($num) of type float is deprecated in APPPATH\Helpers\my_helper.php on line 40.
 1 APPPATH\Helpers\my_helper.php(40): number_format(null, 0, ',', '.')
 2 APPPATH\Views\management_saldo_history.php(148): as_rupiah(null)
 3 SYSTEMPATH\View\View.php(234): include('C:\\xampp\\htdocs\\portal-fgroupindonesia\\app\\Views\\management_saldo_history.php')
 4 SYSTEMPATH\View\View.php(237): CodeIgniter\View\View->CodeIgniter\View\{closure}()
 5 SYSTEMPATH\Common.php(1171): CodeIgniter\View\View->render('management_saldo_history', [], true)
 6 APPPATH\Controllers\Home.php(463): view('management_saldo_history', [...])
 7 SYSTEMPATH\CodeIgniter.php(933): App\Controllers\Home->management_saldo_history()
 8 SYSTEMPATH\CodeIgniter.php(509): CodeIgniter\CodeIgniter->runController(Object(App\Controllers\Home))
 9 SYSTEMPATH\CodeIgniter.php(355): CodeIgniter\CodeIgniter->handleRequest(null, Object(Config\Cache), false)
10 SYSTEMPATH\Boot.php(312): CodeIgniter\CodeIgniter->run()
11 SYSTEMPATH\Boot.php(67): CodeIgniter\Boot::runCodeIgniter(Object(CodeIgniter\CodeIgniter))
12 FCPATH\index.php(56): CodeIgniter\Boot::bootWeb(Object(Config\Paths))
INFO - 2026-04-18 01:15:46 --> Session: Class initialized using 'CodeIgniter\Session\Handlers\FileHandler' driver.
WARNING - 2026-04-18 01:15:46 --> [DEPRECATED] number_format(): Passing null to parameter #1 ($num) of type float is deprecated in APPPATH\Views\management_pembayaran.php on line 127.
 1 APPPATH\Views\management_pembayaran.php(127): number_format(null)
 2 SYSTEMPATH\View\View.php(234): include('C:\\xampp\\htdocs\\portal-fgroupindonesia\\app\\Views\\management_pembayaran.php')
 3 SYSTEMPATH\View\View.php(237): CodeIgniter\View\View->CodeIgniter\View\{closure}()
 4 SYSTEMPATH\Common.php(1171): CodeIgniter\View\View->render('management_pembayaran', [], true)
 5 APPPATH\Controllers\Home.php(100): view('management_pembayaran', [...])
 6 SYSTEMPATH\CodeIgniter.php(933): App\Controllers\Home->management_pembayaran()
 7 SYSTEMPATH\CodeIgniter.php(509): CodeIgniter\CodeIgniter->runController(Object(App\Controllers\Home))
 8 SYSTEMPATH\CodeIgniter.php(355): CodeIgniter\CodeIgniter->handleRequest(null, Object(Config\Cache), false)
 9 SYSTEMPATH\Boot.php(312): CodeIgniter\CodeIgniter->run()
10 SYSTEMPATH\Boot.php(67): CodeIgniter\Boot::runCodeIgniter(Object(CodeIgniter\CodeIgniter))
11 FCPATH\index.php(56): CodeIgniter\Boot::bootWeb(Object(Config\Paths))
WARNING - 2026-04-18 01:15:46 --> [DEPRECATED] number_format(): Passing null to parameter #1 ($num) of type float is deprecated in APPPATH\Views\management_pembayaran.php on line 129.
 1 APPPATH\Views\management_pembayaran.php(129): number_format(null)
 2 SYSTEMPATH\View\View.php(234): include('C:\\xampp\\htdocs\\portal-fgroupindonesia\\app\\Views\\management_pembayaran.php')
 3 SYSTEMPATH\View\View.php(237): CodeIgniter\View\View->CodeIgniter\View\{closure}()
 4 SYSTEMPATH\Common.php(1171): CodeIgniter\View\View->render('management_pembayaran', [], true)
 5 APPPATH\Controllers\Home.php(100): view('management_pembayaran', [...])
 6 SYSTEMPATH\CodeIgniter.php(933): App\Controllers\Home->management_pembayaran()
 7 SYSTEMPATH\CodeIgniter.php(509): CodeIgniter\CodeIgniter->runController(Object(App\Controllers\Home))
 8 SYSTEMPATH\CodeIgniter.php(355): CodeIgniter\CodeIgniter->handleRequest(null, Object(Config\Cache), false)
 9 SYSTEMPATH\Boot.php(312): CodeIgniter\CodeIgniter->run()
10 SYSTEMPATH\Boot.php(67): CodeIgniter\Boot::runCodeIgniter(Object(CodeIgniter\CodeIgniter))
11 FCPATH\index.php(56): CodeIgniter\Boot::bootWeb(Object(Config\Paths))
INFO - 2026-04-18 01:16:10 --> Session: Class initialized using 'CodeIgniter\Session\Handlers\FileHandler' driver.
WARNING - 2026-04-18 01:16:10 --> [DEPRECATED] number_format(): Passing null to parameter #1 ($num) of type float is deprecated in APPPATH\Helpers\my_helper.php on line 40.
 1 APPPATH\Helpers\my_helper.php(40): number_format(null, 0, ',', '.')
 2 APPPATH\Views\management_saldo_history.php(146): as_rupiah(null)
 3 SYSTEMPATH\View\View.php(234): include('C:\\xampp\\htdocs\\portal-fgroupindonesia\\app\\Views\\management_saldo_history.php')
 4 SYSTEMPATH\View\View.php(237): CodeIgniter\View\View->CodeIgniter\View\{closure}()
 5 SYSTEMPATH\Common.php(1171): CodeIgniter\View\View->render('management_saldo_history', [], true)
 6 APPPATH\Controllers\Home.php(463): view('management_saldo_history', [...])
 7 SYSTEMPATH\CodeIgniter.php(933): App\Controllers\Home->management_saldo_history()
 8 SYSTEMPATH\CodeIgniter.php(509): CodeIgniter\CodeIgniter->runController(Object(App\Controllers\Home))
 9 SYSTEMPATH\CodeIgniter.php(355): CodeIgniter\CodeIgniter->handleRequest(null, Object(Config\Cache), false)
10 SYSTEMPATH\Boot.php(312): CodeIgniter\CodeIgniter->run()
11 SYSTEMPATH\Boot.php(67): CodeIgniter\Boot::runCodeIgniter(Object(CodeIgniter\CodeIgniter))
12 FCPATH\index.php(56): CodeIgniter\Boot::bootWeb(Object(Config\Paths))
WARNING - 2026-04-18 01:16:10 --> [DEPRECATED] number_format(): Passing null to parameter #1 ($num) of type float is deprecated in APPPATH\Helpers\my_helper.php on line 40.
 1 APPPATH\Helpers\my_helper.php(40): number_format(null, 0, ',', '.')
 2 APPPATH\Views\management_saldo_history.php(148): as_rupiah(null)
 3 SYSTEMPATH\View\View.php(234): include('C:\\xampp\\htdocs\\portal-fgroupindonesia\\app\\Views\\management_saldo_history.php')
 4 SYSTEMPATH\View\View.php(237): CodeIgniter\View\View->CodeIgniter\View\{closure}()
 5 SYSTEMPATH\Common.php(1171): CodeIgniter\View\View->render('management_saldo_history', [], true)
 6 APPPATH\Controllers\Home.php(463): view('management_saldo_history', [...])
 7 SYSTEMPATH\CodeIgniter.php(933): App\Controllers\Home->management_saldo_history()
 8 SYSTEMPATH\CodeIgniter.php(509): CodeIgniter\CodeIgniter->runController(Object(App\Controllers\Home))
 9 SYSTEMPATH\CodeIgniter.php(355): CodeIgniter\CodeIgniter->handleRequest(null, Object(Config\Cache), false)
10 SYSTEMPATH\Boot.php(312): CodeIgniter\CodeIgniter->run()
11 SYSTEMPATH\Boot.php(67): CodeIgniter\Boot::runCodeIgniter(Object(CodeIgniter\CodeIgniter))
12 FCPATH\index.php(56): CodeIgniter\Boot::bootWeb(Object(Config\Paths))
INFO - 2026-04-18 01:16:32 --> Session: Class initialized using 'CodeIgniter\Session\Handlers\FileHandler' driver.
WARNING - 2026-04-18 01:16:32 --> [DEPRECATED] number_format(): Passing null to parameter #1 ($num) of type float is deprecated in APPPATH\Views\management_pembayaran.php on line 127.
 1 APPPATH\Views\management_pembayaran.php(127): number_format(null)
 2 SYSTEMPATH\View\View.php(234): include('C:\\xampp\\htdocs\\portal-fgroupindonesia\\app\\Views\\management_pembayaran.php')
 3 SYSTEMPATH\View\View.php(237): CodeIgniter\View\View->CodeIgniter\View\{closure}()
 4 SYSTEMPATH\Common.php(1171): CodeIgniter\View\View->render('management_pembayaran', [], true)
 5 APPPATH\Controllers\Home.php(100): view('management_pembayaran', [...])
 6 SYSTEMPATH\CodeIgniter.php(933): App\Controllers\Home->management_pembayaran()
 7 SYSTEMPATH\CodeIgniter.php(509): CodeIgniter\CodeIgniter->runController(Object(App\Controllers\Home))
 8 SYSTEMPATH\CodeIgniter.php(355): CodeIgniter\CodeIgniter->handleRequest(null, Object(Config\Cache), false)
 9 SYSTEMPATH\Boot.php(312): CodeIgniter\CodeIgniter->run()
10 SYSTEMPATH\Boot.php(67): CodeIgniter\Boot::runCodeIgniter(Object(CodeIgniter\CodeIgniter))
11 FCPATH\index.php(56): CodeIgniter\Boot::bootWeb(Object(Config\Paths))
WARNING - 2026-04-18 01:16:32 --> [DEPRECATED] number_format(): Passing null to parameter #1 ($num) of type float is deprecated in APPPATH\Views\management_pembayaran.php on line 129.
 1 APPPATH\Views\management_pembayaran.php(129): number_format(null)
 2 SYSTEMPATH\View\View.php(234): include('C:\\xampp\\htdocs\\portal-fgroupindonesia\\app\\Views\\management_pembayaran.php')
 3 SYSTEMPATH\View\View.php(237): CodeIgniter\View\View->CodeIgniter\View\{closure}()
 4 SYSTEMPATH\Common.php(1171): CodeIgniter\View\View->render('management_pembayaran', [], true)
 5 APPPATH\Controllers\Home.php(100): view('management_pembayaran', [...])
 6 SYSTEMPATH\CodeIgniter.php(933): App\Controllers\Home->management_pembayaran()
 7 SYSTEMPATH\CodeIgniter.php(509): CodeIgniter\CodeIgniter->runController(Object(App\Controllers\Home))
 8 SYSTEMPATH\CodeIgniter.php(355): CodeIgniter\CodeIgniter->handleRequest(null, Object(Config\Cache), false)
 9 SYSTEMPATH\Boot.php(312): CodeIgniter\CodeIgniter->run()
10 SYSTEMPATH\Boot.php(67): CodeIgniter\Boot::runCodeIgniter(Object(CodeIgniter\CodeIgniter))
11 FCPATH\index.php(56): CodeIgniter\Boot::bootWeb(Object(Config\Paths))
INFO - 2026-04-18 01:16:58 --> Session: Class initialized using 'CodeIgniter\Session\Handlers\FileHandler' driver.
INFO - 2026-04-18 01:17:01 --> Session: Class initialized using 'CodeIgniter\Session\Handlers\FileHandler' driver.
WARNING - 2026-04-18 01:17:01 --> [DEPRECATED] number_format(): Passing null to parameter #1 ($num) of type float is deprecated in APPPATH\Views\management_pembayaran.php on line 127.
 1 APPPATH\Views\management_pembayaran.php(127): number_format(null)
 2 SYSTEMPATH\View\View.php(234): include('C:\\xampp\\htdocs\\portal-fgroupindonesia\\app\\Views\\management_pembayaran.php')
 3 SYSTEMPATH\View\View.php(237): CodeIgniter\View\View->CodeIgniter\View\{closure}()
 4 SYSTEMPATH\Common.php(1171): CodeIgniter\View\View->render('management_pembayaran', [], true)
 5 APPPATH\Controllers\Home.php(100): view('management_pembayaran', [...])
 6 SYSTEMPATH\CodeIgniter.php(933): App\Controllers\Home->management_pembayaran()
 7 SYSTEMPATH\CodeIgniter.php(509): CodeIgniter\CodeIgniter->runController(Object(App\Controllers\Home))
 8 SYSTEMPATH\CodeIgniter.php(355): CodeIgniter\CodeIgniter->handleRequest(null, Object(Config\Cache), false)
 9 SYSTEMPATH\Boot.php(312): CodeIgniter\CodeIgniter->run()
10 SYSTEMPATH\Boot.php(67): CodeIgniter\Boot::runCodeIgniter(Object(CodeIgniter\CodeIgniter))
11 FCPATH\index.php(56): CodeIgniter\Boot::bootWeb(Object(Config\Paths))
WARNING - 2026-04-18 01:17:01 --> [DEPRECATED] number_format(): Passing null to parameter #1 ($num) of type float is deprecated in APPPATH\Views\management_pembayaran.php on line 129.
 1 APPPATH\Views\management_pembayaran.php(129): number_format(null)
 2 SYSTEMPATH\View\View.php(234): include('C:\\xampp\\htdocs\\portal-fgroupindonesia\\app\\Views\\management_pembayaran.php')
 3 SYSTEMPATH\View\View.php(237): CodeIgniter\View\View->CodeIgniter\View\{closure}()
 4 SYSTEMPATH\Common.php(1171): CodeIgniter\View\View->render('management_pembayaran', [], true)
 5 APPPATH\Controllers\Home.php(100): view('management_pembayaran', [...])
 6 SYSTEMPATH\CodeIgniter.php(933): App\Controllers\Home->management_pembayaran()
 7 SYSTEMPATH\CodeIgniter.php(509): CodeIgniter\CodeIgniter->runController(Object(App\Controllers\Home))
 8 SYSTEMPATH\CodeIgniter.php(355): CodeIgniter\CodeIgniter->handleRequest(null, Object(Config\Cache), false)
 9 SYSTEMPATH\Boot.php(312): CodeIgniter\CodeIgniter->run()
10 SYSTEMPATH\Boot.php(67): CodeIgniter\Boot::runCodeIgniter(Object(CodeIgniter\CodeIgniter))
11 FCPATH\index.php(56): CodeIgniter\Boot::bootWeb(Object(Config\Paths))
INFO - 2026-04-18 01:17:01 --> Session: Class initialized using 'CodeIgniter\Session\Handlers\FileHandler' driver.
WARNING - 2026-04-18 01:17:01 --> [DEPRECATED] number_format(): Passing null to parameter #1 ($num) of type float is deprecated in APPPATH\Helpers\my_helper.php on line 40.
 1 APPPATH\Helpers\my_helper.php(40): number_format(null, 0, ',', '.')
 2 APPPATH\Views\management_saldo_history.php(146): as_rupiah(null)
 3 SYSTEMPATH\View\View.php(234): include('C:\\xampp\\htdocs\\portal-fgroupindonesia\\app\\Views\\management_saldo_history.php')
 4 SYSTEMPATH\View\View.php(237): CodeIgniter\View\View->CodeIgniter\View\{closure}()
 5 SYSTEMPATH\Common.php(1171): CodeIgniter\View\View->render('management_saldo_history', [], true)
 6 APPPATH\Controllers\Home.php(463): view('management_saldo_history', [...])
 7 SYSTEMPATH\CodeIgniter.php(933): App\Controllers\Home->management_saldo_history()
 8 SYSTEMPATH\CodeIgniter.php(509): CodeIgniter\CodeIgniter->runController(Object(App\Controllers\Home))
 9 SYSTEMPATH\CodeIgniter.php(355): CodeIgniter\CodeIgniter->handleRequest(null, Object(Config\Cache), false)
10 SYSTEMPATH\Boot.php(312): CodeIgniter\CodeIgniter->run()
11 SYSTEMPATH\Boot.php(67): CodeIgniter\Boot::runCodeIgniter(Object(CodeIgniter\CodeIgniter))
12 FCPATH\index.php(56): CodeIgniter\Boot::bootWeb(Object(Config\Paths))
WARNING - 2026-04-18 01:17:01 --> [DEPRECATED] number_format(): Passing null to parameter #1 ($num) of type float is deprecated in APPPATH\Helpers\my_helper.php on line 40.
 1 APPPATH\Helpers\my_helper.php(40): number_format(null, 0, ',', '.')
 2 APPPATH\Views\management_saldo_history.php(148): as_rupiah(null)
 3 SYSTEMPATH\View\View.php(234): include('C:\\xampp\\htdocs\\portal-fgroupindonesia\\app\\Views\\management_saldo_history.php')
 4 SYSTEMPATH\View\View.php(237): CodeIgniter\View\View->CodeIgniter\View\{closure}()
 5 SYSTEMPATH\Common.php(1171): CodeIgniter\View\View->render('management_saldo_history', [], true)
 6 APPPATH\Controllers\Home.php(463): view('management_saldo_history', [...])
 7 SYSTEMPATH\CodeIgniter.php(933): App\Controllers\Home->management_saldo_history()
 8 SYSTEMPATH\CodeIgniter.php(509): CodeIgniter\CodeIgniter->runController(Object(App\Controllers\Home))
 9 SYSTEMPATH\CodeIgniter.php(355): CodeIgniter\CodeIgniter->handleRequest(null, Object(Config\Cache), false)
10 SYSTEMPATH\Boot.php(312): CodeIgniter\CodeIgniter->run()
11 SYSTEMPATH\Boot.php(67): CodeIgniter\Boot::runCodeIgniter(Object(CodeIgniter\CodeIgniter))
12 FCPATH\index.php(56): CodeIgniter\Boot::bootWeb(Object(Config\Paths))
INFO - 2026-04-18 01:17:12 --> Session: Class initialized using 'CodeIgniter\Session\Handlers\FileHandler' driver.
WARNING - 2026-04-18 01:17:12 --> [DEPRECATED] number_format(): Passing null to parameter #1 ($num) of type float is deprecated in APPPATH\Helpers\my_helper.php on line 40.
 1 APPPATH\Helpers\my_helper.php(40): number_format(null, 0, ',', '.')
 2 APPPATH\Views\management_saldo_history.php(146): as_rupiah(null)
 3 SYSTEMPATH\View\View.php(234): include('C:\\xampp\\htdocs\\portal-fgroupindonesia\\app\\Views\\management_saldo_history.php')
 4 SYSTEMPATH\View\View.php(237): CodeIgniter\View\View->CodeIgniter\View\{closure}()
 5 SYSTEMPATH\Common.php(1171): CodeIgniter\View\View->render('management_saldo_history', [], true)
 6 APPPATH\Controllers\Home.php(463): view('management_saldo_history', [...])
 7 SYSTEMPATH\CodeIgniter.php(933): App\Controllers\Home->management_saldo_history()
 8 SYSTEMPATH\CodeIgniter.php(509): CodeIgniter\CodeIgniter->runController(Object(App\Controllers\Home))
 9 SYSTEMPATH\CodeIgniter.php(355): CodeIgniter\CodeIgniter->handleRequest(null, Object(Config\Cache), false)
10 SYSTEMPATH\Boot.php(312): CodeIgniter\CodeIgniter->run()
11 SYSTEMPATH\Boot.php(67): CodeIgniter\Boot::runCodeIgniter(Object(CodeIgniter\CodeIgniter))
12 FCPATH\index.php(56): CodeIgniter\Boot::bootWeb(Object(Config\Paths))
WARNING - 2026-04-18 01:17:12 --> [DEPRECATED] number_format(): Passing null to parameter #1 ($num) of type float is deprecated in APPPATH\Helpers\my_helper.php on line 40.
 1 APPPATH\Helpers\my_helper.php(40): number_format(null, 0, ',', '.')
 2 APPPATH\Views\management_saldo_history.php(148): as_rupiah(null)
 3 SYSTEMPATH\View\View.php(234): include('C:\\xampp\\htdocs\\portal-fgroupindonesia\\app\\Views\\management_saldo_history.php')
 4 SYSTEMPATH\View\View.php(237): CodeIgniter\View\View->CodeIgniter\View\{closure}()
 5 SYSTEMPATH\Common.php(1171): CodeIgniter\View\View->render('management_saldo_history', [], true)
 6 APPPATH\Controllers\Home.php(463): view('management_saldo_history', [...])
 7 SYSTEMPATH\CodeIgniter.php(933): App\Controllers\Home->management_saldo_history()
 8 SYSTEMPATH\CodeIgniter.php(509): CodeIgniter\CodeIgniter->runController(Object(App\Controllers\Home))
 9 SYSTEMPATH\CodeIgniter.php(355): CodeIgniter\CodeIgniter->handleRequest(null, Object(Config\Cache), false)
10 SYSTEMPATH\Boot.php(312): CodeIgniter\CodeIgniter->run()
11 SYSTEMPATH\Boot.php(67): CodeIgniter\Boot::runCodeIgniter(Object(CodeIgniter\CodeIgniter))
12 FCPATH\index.php(56): CodeIgniter\Boot::bootWeb(Object(Config\Paths))
INFO - 2026-04-18 01:17:18 --> Session: Class initialized using 'CodeIgniter\Session\Handlers\FileHandler' driver.
INFO - 2026-04-18 01:17:21 --> Session: Class initialized using 'CodeIgniter\Session\Handlers\FileHandler' driver.
INFO - 2026-04-18 01:17:54 --> Session: Class initialized using 'CodeIgniter\Session\Handlers\FileHandler' driver.
INFO - 2026-04-18 01:18:23 --> Session: Class initialized using 'CodeIgniter\Session\Handlers\FileHandler' driver.
INFO - 2026-04-18 01:18:29 --> Session: Class initialized using 'CodeIgniter\Session\Handlers\FileHandler' driver.
INFO - 2026-04-18 01:18:35 --> Session: Class initialized using 'CodeIgniter\Session\Handlers\FileHandler' driver.
INFO - 2026-04-18 01:18:54 --> Session: Class initialized using 'CodeIgniter\Session\Handlers\FileHandler' driver.
INFO - 2026-04-18 01:19:08 --> Session: Class initialized using 'CodeIgniter\Session\Handlers\FileHandler' driver.
INFO - 2026-04-18 01:19:16 --> Session: Class initialized using 'CodeIgniter\Session\Handlers\FileHandler' driver.
INFO - 2026-04-18 01:19:20 --> Session: Class initialized using 'CodeIgniter\Session\Handlers\FileHandler' driver.
INFO - 2026-04-18 01:20:24 --> Session: Class initialized using 'CodeIgniter\Session\Handlers\FileHandler' driver.
INFO - 2026-04-18 01:20:45 --> Session: Class initialized using 'CodeIgniter\Session\Handlers\FileHandler' driver.
INFO - 2026-04-18 01:22:52 --> Session: Class initialized using 'CodeIgniter\Session\Handlers\FileHandler' driver.
INFO - 2026-04-18 01:23:06 --> Session: Class initialized using 'CodeIgniter\Session\Handlers\FileHandler' driver.
INFO - 2026-04-18 01:23:47 --> Session: Class initialized using 'CodeIgniter\Session\Handlers\FileHandler' driver.
INFO - 2026-04-18 01:24:03 --> Session: Class initialized using 'CodeIgniter\Session\Handlers\FileHandler' driver.
INFO - 2026-04-18 01:29:02 --> Session: Class initialized using 'CodeIgniter\Session\Handlers\FileHandler' driver.
CRITICAL - 2026-04-18 01:29:02 --> Error: Call to undefined function ArrayObject()
[Method: GET, Route: manage/pembayaran]
in APPPATH\Models\UserModel.php on line 33.
 1 APPPATH\Controllers\Home.php(90): App\Models\UserModel->get_total_balance()
 2 SYSTEMPATH\CodeIgniter.php(933): App\Controllers\Home->management_pembayaran()
 3 SYSTEMPATH\CodeIgniter.php(509): CodeIgniter\CodeIgniter->runController(Object(App\Controllers\Home))
 4 SYSTEMPATH\CodeIgniter.php(355): CodeIgniter\CodeIgniter->handleRequest(null, Object(Config\Cache), false)
 5 SYSTEMPATH\Boot.php(312): CodeIgniter\CodeIgniter->run()
 6 SYSTEMPATH\Boot.php(67): CodeIgniter\Boot::runCodeIgniter(Object(CodeIgniter\CodeIgniter))
 7 FCPATH\index.php(56): CodeIgniter\Boot::bootWeb(Object(Config\Paths))
INFO - 2026-04-18 01:29:45 --> Session: Class initialized using 'CodeIgniter\Session\Handlers\FileHandler' driver.
INFO - 2026-04-18 01:30:30 --> Session: Class initialized using 'CodeIgniter\Session\Handlers\FileHandler' driver.
INFO - 2026-04-18 01:31:16 --> Session: Class initialized using 'CodeIgniter\Session\Handlers\FileHandler' driver.
INFO - 2026-04-18 01:31:28 --> Session: Class initialized using 'CodeIgniter\Session\Handlers\FileHandler' driver.
INFO - 2026-04-18 01:34:19 --> Session: Class initialized using 'CodeIgniter\Session\Handlers\FileHandler' driver.
INFO - 2026-04-18 01:50:46 --> Session: Class initialized using 'CodeIgniter\Session\Handlers\FileHandler' driver.
INFO - 2026-04-18 01:51:08 --> Session: Class initialized using 'CodeIgniter\Session\Handlers\FileHandler' driver.
INFO - 2026-04-18 01:51:36 --> Session: Class initialized using 'CodeIgniter\Session\Handlers\FileHandler' driver.
INFO - 2026-04-18 01:52:52 --> Session: Class initialized using 'CodeIgniter\Session\Handlers\FileHandler' driver.
CRITICAL - 2026-04-18 01:52:52 --> BadMethodCallException: Call to undefined method App\Models\MateriModel::insert_custom_new
[Method: POST, Route: manage/materi/custom/add]
in SYSTEMPATH\Model.php on line 921.
 1 APPPATH\Controllers\Works.php(1064): CodeIgniter\Model->__call('insert_custom_new', [...])
 2 SYSTEMPATH\CodeIgniter.php(933): App\Controllers\Works->materi_custom_add()
 3 SYSTEMPATH\CodeIgniter.php(509): CodeIgniter\CodeIgniter->runController(Object(App\Controllers\Works))
 4 SYSTEMPATH\CodeIgniter.php(355): CodeIgniter\CodeIgniter->handleRequest(null, Object(Config\Cache), false)
 5 SYSTEMPATH\Boot.php(312): CodeIgniter\CodeIgniter->run()
 6 SYSTEMPATH\Boot.php(67): CodeIgniter\Boot::runCodeIgniter(Object(CodeIgniter\CodeIgniter))
 7 FCPATH\index.php(56): CodeIgniter\Boot::bootWeb(Object(Config\Paths))
INFO - 2026-04-18 01:58:56 --> Session: Class initialized using 'CodeIgniter\Session\Handlers\FileHandler' driver.
INFO - 2026-04-18 01:59:34 --> Session: Class initialized using 'CodeIgniter\Session\Handlers\FileHandler' driver.
CRITICAL - 2026-04-18 01:59:34 --> ErrorException: Undefined property: stdClass::$icon
[Method: GET, Route: manage/materi/custom]
in APPPATH\Views\management_materi_custom.php on line 122.
 1 APPPATH\Views\management_materi_custom.php(122): CodeIgniter\Debug\Exceptions->errorHandler(2, 'Undefined property: stdClass::$icon', 'C:\\xampp\\htdocs\\portal-fgroupindonesia\\app\\Views\\management_materi_custom.php', 122)
 2 SYSTEMPATH\View\View.php(234): include('C:\\xampp\\htdocs\\portal-fgroupindonesia\\app\\Views\\management_materi_custom.php')
 3 SYSTEMPATH\View\View.php(237): CodeIgniter\View\View->CodeIgniter\View\{closure}()
 4 SYSTEMPATH\Common.php(1171): CodeIgniter\View\View->render('management_materi_custom', [], true)
 5 APPPATH\Controllers\Home.php(256): view('management_materi_custom', [...])
 6 SYSTEMPATH\CodeIgniter.php(933): App\Controllers\Home->management_materi_custom()
 7 SYSTEMPATH\CodeIgniter.php(509): CodeIgniter\CodeIgniter->runController(Object(App\Controllers\Home))
 8 SYSTEMPATH\CodeIgniter.php(355): CodeIgniter\CodeIgniter->handleRequest(null, Object(Config\Cache), false)
 9 SYSTEMPATH\Boot.php(312): CodeIgniter\CodeIgniter->run()
10 SYSTEMPATH\Boot.php(67): CodeIgniter\Boot::runCodeIgniter(Object(CodeIgniter\CodeIgniter))
11 FCPATH\index.php(56): CodeIgniter\Boot::bootWeb(Object(Config\Paths))
INFO - 2026-04-18 02:01:54 --> Session: Class initialized using 'CodeIgniter\Session\Handlers\FileHandler' driver.
ERROR - 2026-04-18 02:01:54 --> mysqli_sql_exception: You have an error in your SQL syntax; check the manual that corresponds to your MariaDB server version for the right syntax to use near '.`judul`, `tm`.`kategori`, `tmc`.`nama_template`, `tmc`.`date_created`
FROM `...' at line 1 in C:\xampp\htdocs\portal-fgroupindonesia\system\Database\MySQLi\Connection.php:308
Stack trace:
#0 C:\xampp\htdocs\portal-fgroupindonesia\system\Database\MySQLi\Connection.php(308): mysqli->query('SELECT `tmc`.`i...', 0)
#1 C:\xampp\htdocs\portal-fgroupindonesia\system\Database\BaseConnection.php(722): CodeIgniter\Database\MySQLi\Connection->execute('SELECT `tmc`.`i...')
#2 C:\xampp\htdocs\portal-fgroupindonesia\system\Database\BaseConnection.php(636): CodeIgniter\Database\BaseConnection->simpleQuery('SELECT `tmc`.`i...')
#3 C:\xampp\htdocs\portal-fgroupindonesia\system\Database\BaseBuilder.php(1629): CodeIgniter\Database\BaseConnection->query('SELECT `tmc`.`i...', Array, false)
#4 C:\xampp\htdocs\portal-fgroupindonesia\app\Models\MateriModel.php(339): CodeIgniter\Database\BaseBuilder->get()
#5 C:\xampp\htdocs\portal-fgroupindonesia\app\Controllers\Home.php(240): App\Models\MateriModel->get_all_custom()
#6 C:\xampp\htdocs\portal-fgroupindonesia\system\CodeIgniter.php(933): App\Controllers\Home->management_materi_custom()
#7 C:\xampp\htdocs\portal-fgroupindonesia\system\CodeIgniter.php(509): CodeIgniter\CodeIgniter->runController(Object(App\Controllers\Home))
#8 C:\xampp\htdocs\portal-fgroupindonesia\system\CodeIgniter.php(355): CodeIgniter\CodeIgniter->handleRequest(NULL, Object(Config\Cache), false)
#9 C:\xampp\htdocs\portal-fgroupindonesia\system\Boot.php(312): CodeIgniter\CodeIgniter->run()
#10 C:\xampp\htdocs\portal-fgroupindonesia\system\Boot.php(67): CodeIgniter\Boot::runCodeIgniter(Object(CodeIgniter\CodeIgniter))
#11 C:\xampp\htdocs\portal-fgroupindonesia\public\index.php(56): CodeIgniter\Boot::bootWeb(Object(Config\Paths))
#12 {main}
CRITICAL - 2026-04-18 02:01:54 --> CodeIgniter\Database\Exceptions\DatabaseException: You have an error in your SQL syntax; check the manual that corresponds to your MariaDB server version for the right syntax to use near '.`judul`, `tm`.`kategori`, `tmc`.`nama_template`, `tmc`.`date_created`
FROM `...' at line 1
[Method: GET, Route: manage/materi/custom]
in SYSTEMPATH\Database\BaseConnection.php on line 676.
 1 SYSTEMPATH\Database\BaseBuilder.php(1629): CodeIgniter\Database\BaseConnection->query('SELECT `tmc`.`id`, `tm`.`icon`. `tm`.`judul`, `tm`.`kategori`, `tmc`.`nama_template`, `tmc`.`date_created`
FROM `table_materi` as `tm`
INNER JOIN `table_materi_custom` as `tmc` ON `tmc`.`id_materi` = `tm`.`id`', [], false)
 2 APPPATH\Models\MateriModel.php(339): CodeIgniter\Database\BaseBuilder->get()
 3 APPPATH\Controllers\Home.php(240): App\Models\MateriModel->get_all_custom()
 4 SYSTEMPATH\CodeIgniter.php(933): App\Controllers\Home->management_materi_custom()
 5 SYSTEMPATH\CodeIgniter.php(509): CodeIgniter\CodeIgniter->runController(Object(App\Controllers\Home))
 6 SYSTEMPATH\CodeIgniter.php(355): CodeIgniter\CodeIgniter->handleRequest(null, Object(Config\Cache), false)
 7 SYSTEMPATH\Boot.php(312): CodeIgniter\CodeIgniter->run()
 8 SYSTEMPATH\Boot.php(67): CodeIgniter\Boot::runCodeIgniter(Object(CodeIgniter\CodeIgniter))
 9 FCPATH\index.php(56): CodeIgniter\Boot::bootWeb(Object(Config\Paths))
CRITICAL - 2026-04-18 02:01:54 --> [Caused by] CodeIgniter\Database\Exceptions\DatabaseException: You have an error in your SQL syntax; check the manual that corresponds to your MariaDB server version for the right syntax to use near '.`judul`, `tm`.`kategori`, `tmc`.`nama_template`, `tmc`.`date_created`
FROM `...' at line 1
in SYSTEMPATH\Database\MySQLi\Connection.php on line 313.
 1 SYSTEMPATH\Database\BaseConnection.php(722): CodeIgniter\Database\MySQLi\Connection->execute('SELECT `tmc`.`id`, `tm`.`icon`. `tm`.`judul`, `tm`.`kategori`, `tmc`.`nama_template`, `tmc`.`date_created`
FROM `table_materi` as `tm`
INNER JOIN `table_materi_custom` as `tmc` ON `tmc`.`id_materi` = `tm`.`id`')
 2 SYSTEMPATH\Database\BaseConnection.php(636): CodeIgniter\Database\BaseConnection->simpleQuery('SELECT `tmc`.`id`, `tm`.`icon`. `tm`.`judul`, `tm`.`kategori`, `tmc`.`nama_template`, `tmc`.`date_created`
FROM `table_materi` as `tm`
INNER JOIN `table_materi_custom` as `tmc` ON `tmc`.`id_materi` = `tm`.`id`')
 3 SYSTEMPATH\Database\BaseBuilder.php(1629): CodeIgniter\Database\BaseConnection->query('SELECT `tmc`.`id`, `tm`.`icon`. `tm`.`judul`, `tm`.`kategori`, `tmc`.`nama_template`, `tmc`.`date_created`
FROM `table_materi` as `tm`
INNER JOIN `table_materi_custom` as `tmc` ON `tmc`.`id_materi` = `tm`.`id`', [], false)
 4 APPPATH\Models\MateriModel.php(339): CodeIgniter\Database\BaseBuilder->get()
 5 APPPATH\Controllers\Home.php(240): App\Models\MateriModel->get_all_custom()
 6 SYSTEMPATH\CodeIgniter.php(933): App\Controllers\Home->management_materi_custom()
 7 SYSTEMPATH\CodeIgniter.php(509): CodeIgniter\CodeIgniter->runController(Object(App\Controllers\Home))
 8 SYSTEMPATH\CodeIgniter.php(355): CodeIgniter\CodeIgniter->handleRequest(null, Object(Config\Cache), false)
 9 SYSTEMPATH\Boot.php(312): CodeIgniter\CodeIgniter->run()
10 SYSTEMPATH\Boot.php(67): CodeIgniter\Boot::runCodeIgniter(Object(CodeIgniter\CodeIgniter))
11 FCPATH\index.php(56): CodeIgniter\Boot::bootWeb(Object(Config\Paths))
CRITICAL - 2026-04-18 02:01:54 --> [Caused by] mysqli_sql_exception: You have an error in your SQL syntax; check the manual that corresponds to your MariaDB server version for the right syntax to use near '.`judul`, `tm`.`kategori`, `tmc`.`nama_template`, `tmc`.`date_created`
FROM `...' at line 1
in SYSTEMPATH\Database\MySQLi\Connection.php on line 308.
 1 SYSTEMPATH\Database\MySQLi\Connection.php(308): mysqli->query('SELECT `tmc`.`id`, `tm`.`icon`. `tm`.`judul`, `tm`.`kategori`, `tmc`.`nama_template`, `tmc`.`date_created`
FROM `table_materi` as `tm`
INNER JOIN `table_materi_custom` as `tmc` ON `tmc`.`id_materi` = `tm`.`id`', 0)
 2 SYSTEMPATH\Database\BaseConnection.php(722): CodeIgniter\Database\MySQLi\Connection->execute('SELECT `tmc`.`id`, `tm`.`icon`. `tm`.`judul`, `tm`.`kategori`, `tmc`.`nama_template`, `tmc`.`date_created`
FROM `table_materi` as `tm`
INNER JOIN `table_materi_custom` as `tmc` ON `tmc`.`id_materi` = `tm`.`id`')
 3 SYSTEMPATH\Database\BaseConnection.php(636): CodeIgniter\Database\BaseConnection->simpleQuery('SELECT `tmc`.`id`, `tm`.`icon`. `tm`.`judul`, `tm`.`kategori`, `tmc`.`nama_template`, `tmc`.`date_created`
FROM `table_materi` as `tm`
INNER JOIN `table_materi_custom` as `tmc` ON `tmc`.`id_materi` = `tm`.`id`')
 4 SYSTEMPATH\Database\BaseBuilder.php(1629): CodeIgniter\Database\BaseConnection->query('SELECT `tmc`.`id`, `tm`.`icon`. `tm`.`judul`, `tm`.`kategori`, `tmc`.`nama_template`, `tmc`.`date_created`
FROM `table_materi` as `tm`
INNER JOIN `table_materi_custom` as `tmc` ON `tmc`.`id_materi` = `tm`.`id`', [], false)
 5 APPPATH\Models\MateriModel.php(339): CodeIgniter\Database\BaseBuilder->get()
 6 APPPATH\Controllers\Home.php(240): App\Models\MateriModel->get_all_custom()
 7 SYSTEMPATH\CodeIgniter.php(933): App\Controllers\Home->management_materi_custom()
 8 SYSTEMPATH\CodeIgniter.php(509): CodeIgniter\CodeIgniter->runController(Object(App\Controllers\Home))
 9 SYSTEMPATH\CodeIgniter.php(355): CodeIgniter\CodeIgniter->handleRequest(null, Object(Config\Cache), false)
10 SYSTEMPATH\Boot.php(312): CodeIgniter\CodeIgniter->run()
11 SYSTEMPATH\Boot.php(67): CodeIgniter\Boot::runCodeIgniter(Object(CodeIgniter\CodeIgniter))
12 FCPATH\index.php(56): CodeIgniter\Boot::bootWeb(Object(Config\Paths))
INFO - 2026-04-18 02:02:04 --> Session: Class initialized using 'CodeIgniter\Session\Handlers\FileHandler' driver.
CRITICAL - 2026-04-18 02:02:04 --> ErrorException: Undefined property: stdClass::$username
[Method: GET, Route: manage/materi/custom]
in APPPATH\Views\management_materi_custom.php on line 127.
 1 APPPATH\Views\management_materi_custom.php(127): CodeIgniter\Debug\Exceptions->errorHandler(2, 'Undefined property: stdClass::$username', 'C:\\xampp\\htdocs\\portal-fgroupindonesia\\app\\Views\\management_materi_custom.php', 127)
 2 SYSTEMPATH\View\View.php(234): include('C:\\xampp\\htdocs\\portal-fgroupindonesia\\app\\Views\\management_materi_custom.php')
 3 SYSTEMPATH\View\View.php(237): CodeIgniter\View\View->CodeIgniter\View\{closure}()
 4 SYSTEMPATH\Common.php(1171): CodeIgniter\View\View->render('management_materi_custom', [], true)
 5 APPPATH\Controllers\Home.php(256): view('management_materi_custom', [...])
 6 SYSTEMPATH\CodeIgniter.php(933): App\Controllers\Home->management_materi_custom()
 7 SYSTEMPATH\CodeIgniter.php(509): CodeIgniter\CodeIgniter->runController(Object(App\Controllers\Home))
 8 SYSTEMPATH\CodeIgniter.php(355): CodeIgniter\CodeIgniter->handleRequest(null, Object(Config\Cache), false)
 9 SYSTEMPATH\Boot.php(312): CodeIgniter\CodeIgniter->run()
10 SYSTEMPATH\Boot.php(67): CodeIgniter\Boot::runCodeIgniter(Object(CodeIgniter\CodeIgniter))
11 FCPATH\index.php(56): CodeIgniter\Boot::bootWeb(Object(Config\Paths))
INFO - 2026-04-18 02:02:57 --> Session: Class initialized using 'CodeIgniter\Session\Handlers\FileHandler' driver.
INFO - 2026-04-18 02:03:20 --> Session: Class initialized using 'CodeIgniter\Session\Handlers\FileHandler' driver.
INFO - 2026-04-18 02:03:23 --> Session: Class initialized using 'CodeIgniter\Session\Handlers\FileHandler' driver.
INFO - 2026-04-18 02:07:41 --> Session: Class initialized using 'CodeIgniter\Session\Handlers\FileHandler' driver.
INFO - 2026-04-18 02:07:47 --> Session: Class initialized using 'CodeIgniter\Session\Handlers\FileHandler' driver.
CRITICAL - 2026-04-18 02:07:47 --> BadMethodCallException: Call to undefined method App\Models\MateriModel::delete_custom_existing
[Method: POST, Route: manage/materi/custom/delete]
in SYSTEMPATH\Model.php on line 921.
 1 APPPATH\Controllers\Works.php(985): CodeIgniter\Model->__call('delete_custom_existing', [...])
 2 SYSTEMPATH\CodeIgniter.php(933): App\Controllers\Works->materi_custom_delete()
 3 SYSTEMPATH\CodeIgniter.php(509): CodeIgniter\CodeIgniter->runController(Object(App\Controllers\Works))
 4 SYSTEMPATH\CodeIgniter.php(355): CodeIgniter\CodeIgniter->handleRequest(null, Object(Config\Cache), false)
 5 SYSTEMPATH\Boot.php(312): CodeIgniter\CodeIgniter->run()
 6 SYSTEMPATH\Boot.php(67): CodeIgniter\Boot::runCodeIgniter(Object(CodeIgniter\CodeIgniter))
 7 FCPATH\index.php(56): CodeIgniter\Boot::bootWeb(Object(Config\Paths))
INFO - 2026-04-18 02:08:57 --> Session: Class initialized using 'CodeIgniter\Session\Handlers\FileHandler' driver.
INFO - 2026-04-18 02:09:49 --> Session: Class initialized using 'CodeIgniter\Session\Handlers\FileHandler' driver.
INFO - 2026-04-18 02:09:55 --> Session: Class initialized using 'CodeIgniter\Session\Handlers\FileHandler' driver.
INFO - 2026-04-18 02:15:21 --> Session: Class initialized using 'CodeIgniter\Session\Handlers\FileHandler' driver.
INFO - 2026-04-18 02:15:29 --> Session: Class initialized using 'CodeIgniter\Session\Handlers\FileHandler' driver.
INFO - 2026-04-18 02:15:31 --> Session: Class initialized using 'CodeIgniter\Session\Handlers\FileHandler' driver.
INFO - 2026-04-18 02:15:39 --> Session: Class initialized using 'CodeIgniter\Session\Handlers\FileHandler' driver.
INFO - 2026-04-18 02:15:41 --> Session: Class initialized using 'CodeIgniter\Session\Handlers\FileHandler' driver.
INFO - 2026-04-18 02:15:49 --> Session: Class initialized using 'CodeIgniter\Session\Handlers\FileHandler' driver.
INFO - 2026-04-18 02:15:51 --> Session: Class initialized using 'CodeIgniter\Session\Handlers\FileHandler' driver.
INFO - 2026-04-18 02:15:57 --> Session: Class initialized using 'CodeIgniter\Session\Handlers\FileHandler' driver.
INFO - 2026-04-18 02:17:43 --> Session: Class initialized using 'CodeIgniter\Session\Handlers\FileHandler' driver.
INFO - 2026-04-18 02:17:47 --> Session: Class initialized using 'CodeIgniter\Session\Handlers\FileHandler' driver.
INFO - 2026-04-18 02:17:51 --> Session: Class initialized using 'CodeIgniter\Session\Handlers\FileHandler' driver.
INFO - 2026-04-18 02:18:07 --> Session: Class initialized using 'CodeIgniter\Session\Handlers\FileHandler' driver.
INFO - 2026-04-18 02:18:09 --> Session: Class initialized using 'CodeIgniter\Session\Handlers\FileHandler' driver.
INFO - 2026-04-18 02:20:42 --> Session: Class initialized using 'CodeIgniter\Session\Handlers\FileHandler' driver.
INFO - 2026-04-18 02:20:50 --> Session: Class initialized using 'CodeIgniter\Session\Handlers\FileHandler' driver.
INFO - 2026-04-18 02:22:03 --> Session: Class initialized using 'CodeIgniter\Session\Handlers\FileHandler' driver.
INFO - 2026-04-18 02:23:17 --> Session: Class initialized using 'CodeIgniter\Session\Handlers\FileHandler' driver.
INFO - 2026-04-18 02:23:25 --> Session: Class initialized using 'CodeIgniter\Session\Handlers\FileHandler' driver.
INFO - 2026-04-18 02:27:44 --> Session: Class initialized using 'CodeIgniter\Session\Handlers\FileHandler' driver.
INFO - 2026-04-18 02:27:53 --> Session: Class initialized using 'CodeIgniter\Session\Handlers\FileHandler' driver.
INFO - 2026-04-18 02:27:56 --> Session: Class initialized using 'CodeIgniter\Session\Handlers\FileHandler' driver.
INFO - 2026-04-18 02:28:05 --> Session: Class initialized using 'CodeIgniter\Session\Handlers\FileHandler' driver.
INFO - 2026-04-18 02:28:44 --> Session: Class initialized using 'CodeIgniter\Session\Handlers\FileHandler' driver.
INFO - 2026-04-18 02:28:49 --> Session: Class initialized using 'CodeIgniter\Session\Handlers\FileHandler' driver.
INFO - 2026-04-18 02:28:51 --> Session: Class initialized using 'CodeIgniter\Session\Handlers\FileHandler' driver.
INFO - 2026-04-18 02:28:55 --> Session: Class initialized using 'CodeIgniter\Session\Handlers\FileHandler' driver.
INFO - 2026-04-18 02:28:58 --> Session: Class initialized using 'CodeIgniter\Session\Handlers\FileHandler' driver.
INFO - 2026-04-18 02:29:06 --> Session: Class initialized using 'CodeIgniter\Session\Handlers\FileHandler' driver.
INFO - 2026-04-18 02:29:08 --> Session: Class initialized using 'CodeIgniter\Session\Handlers\FileHandler' driver.
INFO - 2026-04-18 02:29:11 --> Session: Class initialized using 'CodeIgniter\Session\Handlers\FileHandler' driver.
INFO - 2026-04-18 02:29:14 --> Session: Class initialized using 'CodeIgniter\Session\Handlers\FileHandler' driver.
INFO - 2026-04-18 02:29:18 --> Session: Class initialized using 'CodeIgniter\Session\Handlers\FileHandler' driver.
INFO - 2026-04-18 02:29:35 --> Session: Class initialized using 'CodeIgniter\Session\Handlers\FileHandler' driver.
INFO - 2026-04-18 02:29:36 --> Session: Class initialized using 'CodeIgniter\Session\Handlers\FileHandler' driver.
INFO - 2026-04-18 02:29:38 --> Session: Class initialized using 'CodeIgniter\Session\Handlers\FileHandler' driver.
INFO - 2026-04-18 02:30:58 --> Session: Class initialized using 'CodeIgniter\Session\Handlers\FileHandler' driver.
INFO - 2026-04-18 03:20:32 --> Session: Class initialized using 'CodeIgniter\Session\Handlers\FileHandler' driver.
INFO - 2026-04-18 03:22:05 --> Session: Class initialized using 'CodeIgniter\Session\Handlers\FileHandler' driver.
INFO - 2026-04-18 03:22:08 --> Session: Class initialized using 'CodeIgniter\Session\Handlers\FileHandler' driver.
INFO - 2026-04-18 03:27:35 --> Session: Class initialized using 'CodeIgniter\Session\Handlers\FileHandler' driver.
INFO - 2026-04-18 03:27:36 --> Session: Class initialized using 'CodeIgniter\Session\Handlers\FileHandler' driver.
INFO - 2026-04-18 03:27:38 --> Session: Class initialized using 'CodeIgniter\Session\Handlers\FileHandler' driver.
INFO - 2026-04-18 03:27:40 --> Session: Class initialized using 'CodeIgniter\Session\Handlers\FileHandler' driver.
INFO - 2026-04-18 03:27:43 --> Session: Class initialized using 'CodeIgniter\Session\Handlers\FileHandler' driver.
INFO - 2026-04-18 03:27:44 --> Session: Class initialized using 'CodeIgniter\Session\Handlers\FileHandler' driver.
INFO - 2026-04-18 03:27:50 --> Session: Class initialized using 'CodeIgniter\Session\Handlers\FileHandler' driver.
INFO - 2026-04-18 03:27:52 --> Session: Class initialized using 'CodeIgniter\Session\Handlers\FileHandler' driver.
INFO - 2026-04-18 03:28:11 --> Session: Class initialized using 'CodeIgniter\Session\Handlers\FileHandler' driver.
CRITICAL - 2026-04-18 03:28:11 --> BadMethodCallException: Call to undefined method App\Models\MateriModel::update_custom_existing
[Method: POST, Route: manage/materi/custom/update]
in SYSTEMPATH\Model.php on line 921.
 1 APPPATH\Controllers\Works.php(1047): CodeIgniter\Model->__call('update_custom_existing', [...])
 2 SYSTEMPATH\CodeIgniter.php(933): App\Controllers\Works->materi_custom_update()
 3 SYSTEMPATH\CodeIgniter.php(509): CodeIgniter\CodeIgniter->runController(Object(App\Controllers\Works))
 4 SYSTEMPATH\CodeIgniter.php(355): CodeIgniter\CodeIgniter->handleRequest(null, Object(Config\Cache), false)
 5 SYSTEMPATH\Boot.php(312): CodeIgniter\CodeIgniter->run()
 6 SYSTEMPATH\Boot.php(67): CodeIgniter\Boot::runCodeIgniter(Object(CodeIgniter\CodeIgniter))
 7 FCPATH\index.php(56): CodeIgniter\Boot::bootWeb(Object(Config\Paths))
INFO - 2026-04-18 03:28:42 --> Session: Class initialized using 'CodeIgniter\Session\Handlers\FileHandler' driver.
INFO - 2026-04-18 03:28:44 --> Session: Class initialized using 'CodeIgniter\Session\Handlers\FileHandler' driver.
INFO - 2026-04-18 03:28:57 --> Session: Class initialized using 'CodeIgniter\Session\Handlers\FileHandler' driver.
INFO - 2026-04-18 03:28:59 --> Session: Class initialized using 'CodeIgniter\Session\Handlers\FileHandler' driver.
INFO - 2026-04-18 03:29:08 --> Session: Class initialized using 'CodeIgniter\Session\Handlers\FileHandler' driver.
INFO - 2026-04-18 03:29:10 --> Session: Class initialized using 'CodeIgniter\Session\Handlers\FileHandler' driver.
INFO - 2026-04-18 03:29:23 --> Session: Class initialized using 'CodeIgniter\Session\Handlers\FileHandler' driver.
INFO - 2026-04-18 03:29:25 --> Session: Class initialized using 'CodeIgniter\Session\Handlers\FileHandler' driver.
INFO - 2026-04-18 03:29:39 --> Session: Class initialized using 'CodeIgniter\Session\Handlers\FileHandler' driver.
INFO - 2026-04-18 03:29:55 --> Session: Class initialized using 'CodeIgniter\Session\Handlers\FileHandler' driver.
INFO - 2026-04-18 03:29:56 --> Session: Class initialized using 'CodeIgniter\Session\Handlers\FileHandler' driver.
INFO - 2026-04-18 03:29:58 --> Session: Class initialized using 'CodeIgniter\Session\Handlers\FileHandler' driver.
INFO - 2026-04-18 03:29:59 --> Session: Class initialized using 'CodeIgniter\Session\Handlers\FileHandler' driver.
INFO - 2026-04-18 03:30:09 --> Session: Class initialized using 'CodeIgniter\Session\Handlers\FileHandler' driver.
INFO - 2026-04-18 03:30:15 --> Session: Class initialized using 'CodeIgniter\Session\Handlers\FileHandler' driver.
INFO - 2026-04-18 03:30:18 --> Session: Class initialized using 'CodeIgniter\Session\Handlers\FileHandler' driver.
INFO - 2026-04-18 03:30:26 --> Session: Class initialized using 'CodeIgniter\Session\Handlers\FileHandler' driver.
INFO - 2026-04-18 03:30:27 --> Session: Class initialized using 'CodeIgniter\Session\Handlers\FileHandler' driver.
INFO - 2026-04-18 03:30:32 --> Session: Class initialized using 'CodeIgniter\Session\Handlers\FileHandler' driver.
INFO - 2026-04-18 03:30:38 --> Session: Class initialized using 'CodeIgniter\Session\Handlers\FileHandler' driver.
INFO - 2026-04-18 03:30:42 --> Session: Class initialized using 'CodeIgniter\Session\Handlers\FileHandler' driver.
INFO - 2026-04-18 03:30:45 --> Session: Class initialized using 'CodeIgniter\Session\Handlers\FileHandler' driver.
INFO - 2026-04-18 03:30:58 --> Session: Class initialized using 'CodeIgniter\Session\Handlers\FileHandler' driver.
INFO - 2026-04-18 03:31:08 --> Session: Class initialized using 'CodeIgniter\Session\Handlers\FileHandler' driver.
INFO - 2026-04-18 03:31:20 --> Session: Class initialized using 'CodeIgniter\Session\Handlers\FileHandler' driver.
INFO - 2026-04-18 03:31:35 --> Session: Class initialized using 'CodeIgniter\Session\Handlers\FileHandler' driver.
INFO - 2026-04-18 03:31:53 --> Session: Class initialized using 'CodeIgniter\Session\Handlers\FileHandler' driver.
INFO - 2026-04-18 03:31:53 --> Session: Class initialized using 'CodeIgniter\Session\Handlers\FileHandler' driver.
INFO - 2026-04-18 03:32:05 --> Session: Class initialized using 'CodeIgniter\Session\Handlers\FileHandler' driver.
INFO - 2026-04-18 03:32:41 --> Session: Class initialized using 'CodeIgniter\Session\Handlers\FileHandler' driver.
INFO - 2026-04-18 03:35:04 --> Session: Class initialized using 'CodeIgniter\Session\Handlers\FileHandler' driver.
INFO - 2026-04-18 03:35:08 --> Session: Class initialized using 'CodeIgniter\Session\Handlers\FileHandler' driver.
INFO - 2026-04-18 03:36:15 --> Session: Class initialized using 'CodeIgniter\Session\Handlers\FileHandler' driver.
INFO - 2026-04-18 03:36:36 --> Session: Class initialized using 'CodeIgniter\Session\Handlers\FileHandler' driver.
INFO - 2026-04-18 03:36:42 --> Session: Class initialized using 'CodeIgniter\Session\Handlers\FileHandler' driver.
INFO - 2026-04-18 03:37:48 --> Session: Class initialized using 'CodeIgniter\Session\Handlers\FileHandler' driver.
INFO - 2026-04-18 03:37:52 --> Session: Class initialized using 'CodeIgniter\Session\Handlers\FileHandler' driver.
INFO - 2026-04-18 03:40:14 --> Session: Class initialized using 'CodeIgniter\Session\Handlers\FileHandler' driver.
INFO - 2026-04-18 03:40:16 --> Session: Class initialized using 'CodeIgniter\Session\Handlers\FileHandler' driver.
INFO - 2026-04-18 03:40:20 --> Session: Class initialized using 'CodeIgniter\Session\Handlers\FileHandler' driver.
INFO - 2026-04-18 04:05:38 --> Session: Class initialized using 'CodeIgniter\Session\Handlers\FileHandler' driver.
INFO - 2026-04-18 04:05:41 --> Session: Class initialized using 'CodeIgniter\Session\Handlers\FileHandler' driver.
CRITICAL - 2026-04-18 04:05:41 --> ErrorException: Attempt to read property "judul" on bool
[Method: GET, Route: manage/materi/pembahasan]
in APPPATH\Controllers\Home.php on line 130.
 1 APPPATH\Controllers\Home.php(130): CodeIgniter\Debug\Exceptions->errorHandler(2, 'Attempt to read property "judul" on bool', 'C:\\xampp\\htdocs\\portal-fgroupindonesia\\app\\Controllers\\Home.php', 130)
 2 SYSTEMPATH\CodeIgniter.php(933): App\Controllers\Home->management_pembahasan_materi()
 3 SYSTEMPATH\CodeIgniter.php(509): CodeIgniter\CodeIgniter->runController(Object(App\Controllers\Home))
 4 SYSTEMPATH\CodeIgniter.php(355): CodeIgniter\CodeIgniter->handleRequest(null, Object(Config\Cache), false)
 5 SYSTEMPATH\Boot.php(312): CodeIgniter\CodeIgniter->run()
 6 SYSTEMPATH\Boot.php(67): CodeIgniter\Boot::runCodeIgniter(Object(CodeIgniter\CodeIgniter))
 7 FCPATH\index.php(56): CodeIgniter\Boot::bootWeb(Object(Config\Paths))
INFO - 2026-04-18 04:10:37 --> Session: Class initialized using 'CodeIgniter\Session\Handlers\FileHandler' driver.
CRITICAL - 2026-04-18 04:10:37 --> ErrorException: Attempt to read property "judul" on bool
[Method: GET, Route: manage/materi/pembahasan]
in APPPATH\Controllers\Home.php on line 131.
 1 APPPATH\Controllers\Home.php(131): CodeIgniter\Debug\Exceptions->errorHandler(2, 'Attempt to read property "judul" on bool', 'C:\\xampp\\htdocs\\portal-fgroupindonesia\\app\\Controllers\\Home.php', 131)
 2 SYSTEMPATH\CodeIgniter.php(933): App\Controllers\Home->management_pembahasan_materi()
 3 SYSTEMPATH\CodeIgniter.php(509): CodeIgniter\CodeIgniter->runController(Object(App\Controllers\Home))
 4 SYSTEMPATH\CodeIgniter.php(355): CodeIgniter\CodeIgniter->handleRequest(null, Object(Config\Cache), false)
 5 SYSTEMPATH\Boot.php(312): CodeIgniter\CodeIgniter->run()
 6 SYSTEMPATH\Boot.php(67): CodeIgniter\Boot::runCodeIgniter(Object(CodeIgniter\CodeIgniter))
 7 FCPATH\index.php(56): CodeIgniter\Boot::bootWeb(Object(Config\Paths))
INFO - 2026-04-18 04:13:46 --> Session: Class initialized using 'CodeIgniter\Session\Handlers\FileHandler' driver.
INFO - 2026-04-18 04:13:48 --> Session: Class initialized using 'CodeIgniter\Session\Handlers\FileHandler' driver.
INFO - 2026-04-18 04:13:51 --> Session: Class initialized using 'CodeIgniter\Session\Handlers\FileHandler' driver.
INFO - 2026-04-18 04:14:16 --> Session: Class initialized using 'CodeIgniter\Session\Handlers\FileHandler' driver.
INFO - 2026-04-18 04:14:19 --> Session: Class initialized using 'CodeIgniter\Session\Handlers\FileHandler' driver.
INFO - 2026-04-18 04:17:23 --> Session: Class initialized using 'CodeIgniter\Session\Handlers\FileHandler' driver.
INFO - 2026-04-18 04:17:26 --> Session: Class initialized using 'CodeIgniter\Session\Handlers\FileHandler' driver.
INFO - 2026-04-18 04:22:50 --> Session: Class initialized using 'CodeIgniter\Session\Handlers\FileHandler' driver.
INFO - 2026-04-18 04:23:13 --> Session: Class initialized using 'CodeIgniter\Session\Handlers\FileHandler' driver.
INFO - 2026-04-18 04:23:16 --> Session: Class initialized using 'CodeIgniter\Session\Handlers\FileHandler' driver.
INFO - 2026-04-18 04:26:29 --> Session: Class initialized using 'CodeIgniter\Session\Handlers\FileHandler' driver.
CRITICAL - 2026-04-18 04:26:29 --> ErrorException: Undefined array key "judul"
[Method: GET, Route: manage/materi/pembahasan]
in APPPATH\Controllers\Home.php on line 136.
 1 APPPATH\Controllers\Home.php(136): CodeIgniter\Debug\Exceptions->errorHandler(2, 'Undefined array key "judul"', 'C:\\xampp\\htdocs\\portal-fgroupindonesia\\app\\Controllers\\Home.php', 136)
 2 SYSTEMPATH\CodeIgniter.php(933): App\Controllers\Home->management_pembahasan_materi()
 3 SYSTEMPATH\CodeIgniter.php(509): CodeIgniter\CodeIgniter->runController(Object(App\Controllers\Home))
 4 SYSTEMPATH\CodeIgniter.php(355): CodeIgniter\CodeIgniter->handleRequest(null, Object(Config\Cache), false)
 5 SYSTEMPATH\Boot.php(312): CodeIgniter\CodeIgniter->run()
 6 SYSTEMPATH\Boot.php(67): CodeIgniter\Boot::runCodeIgniter(Object(CodeIgniter\CodeIgniter))
 7 FCPATH\index.php(56): CodeIgniter\Boot::bootWeb(Object(Config\Paths))
INFO - 2026-04-18 04:26:43 --> Session: Class initialized using 'CodeIgniter\Session\Handlers\FileHandler' driver.
INFO - 2026-04-18 04:27:00 --> Session: Class initialized using 'CodeIgniter\Session\Handlers\FileHandler' driver.
INFO - 2026-04-18 04:27:06 --> Session: Class initialized using 'CodeIgniter\Session\Handlers\FileHandler' driver.
INFO - 2026-04-18 04:27:14 --> Session: Class initialized using 'CodeIgniter\Session\Handlers\FileHandler' driver.
INFO - 2026-04-18 04:27:33 --> Session: Class initialized using 'CodeIgniter\Session\Handlers\FileHandler' driver.
INFO - 2026-04-18 04:27:52 --> Session: Class initialized using 'CodeIgniter\Session\Handlers\FileHandler' driver.
INFO - 2026-04-18 04:28:01 --> Session: Class initialized using 'CodeIgniter\Session\Handlers\FileHandler' driver.
INFO - 2026-04-18 04:28:25 --> Session: Class initialized using 'CodeIgniter\Session\Handlers\FileHandler' driver.
INFO - 2026-04-18 04:29:56 --> Session: Class initialized using 'CodeIgniter\Session\Handlers\FileHandler' driver.
INFO - 2026-04-18 04:30:04 --> Session: Class initialized using 'CodeIgniter\Session\Handlers\FileHandler' driver.
INFO - 2026-04-18 04:30:18 --> Session: Class initialized using 'CodeIgniter\Session\Handlers\FileHandler' driver.
INFO - 2026-04-18 04:30:39 --> Session: Class initialized using 'CodeIgniter\Session\Handlers\FileHandler' driver.
INFO - 2026-04-18 04:32:01 --> Session: Class initialized using 'CodeIgniter\Session\Handlers\FileHandler' driver.
INFO - 2026-04-18 04:41:01 --> Session: Class initialized using 'CodeIgniter\Session\Handlers\FileHandler' driver.
INFO - 2026-04-18 04:41:21 --> Session: Class initialized using 'CodeIgniter\Session\Handlers\FileHandler' driver.
INFO - 2026-04-18 04:41:25 --> Session: Class initialized using 'CodeIgniter\Session\Handlers\FileHandler' driver.
INFO - 2026-04-18 04:50:53 --> Session: Class initialized using 'CodeIgniter\Session\Handlers\FileHandler' driver.
INFO - 2026-04-18 05:42:00 --> Session: Class initialized using 'CodeIgniter\Session\Handlers\FileHandler' driver.
INFO - 2026-04-18 05:42:02 --> Session: Class initialized using 'CodeIgniter\Session\Handlers\FileHandler' driver.
INFO - 2026-04-18 05:42:12 --> Session: Class initialized using 'CodeIgniter\Session\Handlers\FileHandler' driver.
INFO - 2026-04-18 05:46:43 --> Session: Class initialized using 'CodeIgniter\Session\Handlers\FileHandler' driver.
INFO - 2026-04-18 05:48:40 --> Session: Class initialized using 'CodeIgniter\Session\Handlers\FileHandler' driver.
INFO - 2026-04-18 05:48:42 --> Session: Class initialized using 'CodeIgniter\Session\Handlers\FileHandler' driver.
INFO - 2026-04-18 05:49:35 --> Session: Class initialized using 'CodeIgniter\Session\Handlers\FileHandler' driver.
ERROR - 2026-04-18 05:49:35 --> mysqli_sql_exception: Unknown column 'id_materi' in 'field list' in C:\xampp\htdocs\portal-fgroupindonesia\system\Database\MySQLi\Connection.php:308
Stack trace:
#0 C:\xampp\htdocs\portal-fgroupindonesia\system\Database\MySQLi\Connection.php(308): mysqli->query('INSERT INTO `ta...', 0)
#1 C:\xampp\htdocs\portal-fgroupindonesia\system\Database\BaseConnection.php(722): CodeIgniter\Database\MySQLi\Connection->execute('INSERT INTO `ta...')
#2 C:\xampp\htdocs\portal-fgroupindonesia\system\Database\BaseConnection.php(636): CodeIgniter\Database\BaseConnection->simpleQuery('INSERT INTO `ta...')
#3 C:\xampp\htdocs\portal-fgroupindonesia\system\Database\BaseBuilder.php(2325): CodeIgniter\Database\BaseConnection->query('INSERT INTO `ta...', Array, false)
#4 C:\xampp\htdocs\portal-fgroupindonesia\app\Models\MateriModel.php(172): CodeIgniter\Database\BaseBuilder->insert(Array)
#5 C:\xampp\htdocs\portal-fgroupindonesia\app\Controllers\Works.php(901): App\Models\MateriModel->insert_new_custom_pembahasan(Array)
#6 C:\xampp\htdocs\portal-fgroupindonesia\system\CodeIgniter.php(933): App\Controllers\Works->pembahasan_add()
#7 C:\xampp\htdocs\portal-fgroupindonesia\system\CodeIgniter.php(509): CodeIgniter\CodeIgniter->runController(Object(App\Controllers\Works))
#8 C:\xampp\htdocs\portal-fgroupindonesia\system\CodeIgniter.php(355): CodeIgniter\CodeIgniter->handleRequest(NULL, Object(Config\Cache), false)
#9 C:\xampp\htdocs\portal-fgroupindonesia\system\Boot.php(312): CodeIgniter\CodeIgniter->run()
#10 C:\xampp\htdocs\portal-fgroupindonesia\system\Boot.php(67): CodeIgniter\Boot::runCodeIgniter(Object(CodeIgniter\CodeIgniter))
#11 C:\xampp\htdocs\portal-fgroupindonesia\public\index.php(56): CodeIgniter\Boot::bootWeb(Object(Config\Paths))
#12 {main}
CRITICAL - 2026-04-18 05:49:35 --> CodeIgniter\Database\Exceptions\DatabaseException: Unknown column 'id_materi' in 'field list'
[Method: POST, Route: manage/materi/pembahasan/add]
in SYSTEMPATH\Database\BaseConnection.php on line 676.
 1 SYSTEMPATH\Database\BaseBuilder.php(2325): CodeIgniter\Database\BaseConnection->query('INSERT INTO `table_pembahasan_custom` (`id_materi`, `id_bab`, `id_user`, `ordering_index`, `judul`, `deskripsi`, `id_materi_custom`) VALUES (:id_materi:, :id_bab:, :id_user:, :ordering_index:, :judul:, :deskripsi:, :id_materi_custom:)', [...], false)
 2 APPPATH\Models\MateriModel.php(172): CodeIgniter\Database\BaseBuilder->insert([...])
 3 APPPATH\Controllers\Works.php(901): App\Models\MateriModel->insert_new_custom_pembahasan([...])
 4 SYSTEMPATH\CodeIgniter.php(933): App\Controllers\Works->pembahasan_add()
 5 SYSTEMPATH\CodeIgniter.php(509): CodeIgniter\CodeIgniter->runController(Object(App\Controllers\Works))
 6 SYSTEMPATH\CodeIgniter.php(355): CodeIgniter\CodeIgniter->handleRequest(null, Object(Config\Cache), false)
 7 SYSTEMPATH\Boot.php(312): CodeIgniter\CodeIgniter->run()
 8 SYSTEMPATH\Boot.php(67): CodeIgniter\Boot::runCodeIgniter(Object(CodeIgniter\CodeIgniter))
 9 FCPATH\index.php(56): CodeIgniter\Boot::bootWeb(Object(Config\Paths))
CRITICAL - 2026-04-18 05:49:35 --> [Caused by] CodeIgniter\Database\Exceptions\DatabaseException: Unknown column 'id_materi' in 'field list'
in SYSTEMPATH\Database\MySQLi\Connection.php on line 313.
 1 SYSTEMPATH\Database\BaseConnection.php(722): CodeIgniter\Database\MySQLi\Connection->execute('INSERT INTO `table_pembahasan_custom` (`id_materi`, `id_bab`, `id_user`, `ordering_index`, `judul`, `deskripsi`, `id_materi_custom`) VALUES (\'15\', \'13\', \'1\', \'1\', \'Materi Bab 01\', \'<div>ba bla bla blab lbaaa</div>\', \'13\')')
 2 SYSTEMPATH\Database\BaseConnection.php(636): CodeIgniter\Database\BaseConnection->simpleQuery('INSERT INTO `table_pembahasan_custom` (`id_materi`, `id_bab`, `id_user`, `ordering_index`, `judul`, `deskripsi`, `id_materi_custom`) VALUES (\'15\', \'13\', \'1\', \'1\', \'Materi Bab 01\', \'<div>ba bla bla blab lbaaa</div>\', \'13\')')
 3 SYSTEMPATH\Database\BaseBuilder.php(2325): CodeIgniter\Database\BaseConnection->query('INSERT INTO `table_pembahasan_custom` (`id_materi`, `id_bab`, `id_user`, `ordering_index`, `judul`, `deskripsi`, `id_materi_custom`) VALUES (:id_materi:, :id_bab:, :id_user:, :ordering_index:, :judul:, :deskripsi:, :id_materi_custom:)', [...], false)
 4 APPPATH\Models\MateriModel.php(172): CodeIgniter\Database\BaseBuilder->insert([...])
 5 APPPATH\Controllers\Works.php(901): App\Models\MateriModel->insert_new_custom_pembahasan([...])
 6 SYSTEMPATH\CodeIgniter.php(933): App\Controllers\Works->pembahasan_add()
 7 SYSTEMPATH\CodeIgniter.php(509): CodeIgniter\CodeIgniter->runController(Object(App\Controllers\Works))
 8 SYSTEMPATH\CodeIgniter.php(355): CodeIgniter\CodeIgniter->handleRequest(null, Object(Config\Cache), false)
 9 SYSTEMPATH\Boot.php(312): CodeIgniter\CodeIgniter->run()
10 SYSTEMPATH\Boot.php(67): CodeIgniter\Boot::runCodeIgniter(Object(CodeIgniter\CodeIgniter))
11 FCPATH\index.php(56): CodeIgniter\Boot::bootWeb(Object(Config\Paths))
CRITICAL - 2026-04-18 05:49:35 --> [Caused by] mysqli_sql_exception: Unknown column 'id_materi' in 'field list'
in SYSTEMPATH\Database\MySQLi\Connection.php on line 308.
 1 SYSTEMPATH\Database\MySQLi\Connection.php(308): mysqli->query('INSERT INTO `table_pembahasan_custom` (`id_materi`, `id_bab`, `id_user`, `ordering_index`, `judul`, `deskripsi`, `id_materi_custom`) VALUES (\'15\', \'13\', \'1\', \'1\', \'Materi Bab 01\', \'<div>ba bla bla blab lbaaa</div>\', \'13\')', 0)
 2 SYSTEMPATH\Database\BaseConnection.php(722): CodeIgniter\Database\MySQLi\Connection->execute('INSERT INTO `table_pembahasan_custom` (`id_materi`, `id_bab`, `id_user`, `ordering_index`, `judul`, `deskripsi`, `id_materi_custom`) VALUES (\'15\', \'13\', \'1\', \'1\', \'Materi Bab 01\', \'<div>ba bla bla blab lbaaa</div>\', \'13\')')
 3 SYSTEMPATH\Database\BaseConnection.php(636): CodeIgniter\Database\BaseConnection->simpleQuery('INSERT INTO `table_pembahasan_custom` (`id_materi`, `id_bab`, `id_user`, `ordering_index`, `judul`, `deskripsi`, `id_materi_custom`) VALUES (\'15\', \'13\', \'1\', \'1\', \'Materi Bab 01\', \'<div>ba bla bla blab lbaaa</div>\', \'13\')')
 4 SYSTEMPATH\Database\BaseBuilder.php(2325): CodeIgniter\Database\BaseConnection->query('INSERT INTO `table_pembahasan_custom` (`id_materi`, `id_bab`, `id_user`, `ordering_index`, `judul`, `deskripsi`, `id_materi_custom`) VALUES (:id_materi:, :id_bab:, :id_user:, :ordering_index:, :judul:, :deskripsi:, :id_materi_custom:)', [...], false)
 5 APPPATH\Models\MateriModel.php(172): CodeIgniter\Database\BaseBuilder->insert([...])
 6 APPPATH\Controllers\Works.php(901): App\Models\MateriModel->insert_new_custom_pembahasan([...])
 7 SYSTEMPATH\CodeIgniter.php(933): App\Controllers\Works->pembahasan_add()
 8 SYSTEMPATH\CodeIgniter.php(509): CodeIgniter\CodeIgniter->runController(Object(App\Controllers\Works))
 9 SYSTEMPATH\CodeIgniter.php(355): CodeIgniter\CodeIgniter->handleRequest(null, Object(Config\Cache), false)
10 SYSTEMPATH\Boot.php(312): CodeIgniter\CodeIgniter->run()
11 SYSTEMPATH\Boot.php(67): CodeIgniter\Boot::runCodeIgniter(Object(CodeIgniter\CodeIgniter))
12 FCPATH\index.php(56): CodeIgniter\Boot::bootWeb(Object(Config\Paths))
INFO - 2026-04-18 05:50:16 --> Session: Class initialized using 'CodeIgniter\Session\Handlers\FileHandler' driver.
ERROR - 2026-04-18 05:50:16 --> mysqli_sql_exception: Unknown column 'id_user' in 'field list' in C:\xampp\htdocs\portal-fgroupindonesia\system\Database\MySQLi\Connection.php:308
Stack trace:
#0 C:\xampp\htdocs\portal-fgroupindonesia\system\Database\MySQLi\Connection.php(308): mysqli->query('INSERT INTO `ta...', 0)
#1 C:\xampp\htdocs\portal-fgroupindonesia\system\Database\BaseConnection.php(722): CodeIgniter\Database\MySQLi\Connection->execute('INSERT INTO `ta...')
#2 C:\xampp\htdocs\portal-fgroupindonesia\system\Database\BaseConnection.php(636): CodeIgniter\Database\BaseConnection->simpleQuery('INSERT INTO `ta...')
#3 C:\xampp\htdocs\portal-fgroupindonesia\system\Database\BaseBuilder.php(2325): CodeIgniter\Database\BaseConnection->query('INSERT INTO `ta...', Array, false)
#4 C:\xampp\htdocs\portal-fgroupindonesia\app\Models\MateriModel.php(172): CodeIgniter\Database\BaseBuilder->insert(Array)
#5 C:\xampp\htdocs\portal-fgroupindonesia\app\Controllers\Works.php(902): App\Models\MateriModel->insert_new_custom_pembahasan(Array)
#6 C:\xampp\htdocs\portal-fgroupindonesia\system\CodeIgniter.php(933): App\Controllers\Works->pembahasan_add()
#7 C:\xampp\htdocs\portal-fgroupindonesia\system\CodeIgniter.php(509): CodeIgniter\CodeIgniter->runController(Object(App\Controllers\Works))
#8 C:\xampp\htdocs\portal-fgroupindonesia\system\CodeIgniter.php(355): CodeIgniter\CodeIgniter->handleRequest(NULL, Object(Config\Cache), false)
#9 C:\xampp\htdocs\portal-fgroupindonesia\system\Boot.php(312): CodeIgniter\CodeIgniter->run()
#10 C:\xampp\htdocs\portal-fgroupindonesia\system\Boot.php(67): CodeIgniter\Boot::runCodeIgniter(Object(CodeIgniter\CodeIgniter))
#11 C:\xampp\htdocs\portal-fgroupindonesia\public\index.php(56): CodeIgniter\Boot::bootWeb(Object(Config\Paths))
#12 {main}
CRITICAL - 2026-04-18 05:50:16 --> CodeIgniter\Database\Exceptions\DatabaseException: Unknown column 'id_user' in 'field list'
[Method: POST, Route: manage/materi/pembahasan/add]
in SYSTEMPATH\Database\BaseConnection.php on line 676.
 1 SYSTEMPATH\Database\BaseBuilder.php(2325): CodeIgniter\Database\BaseConnection->query('INSERT INTO `table_pembahasan_custom` (`id_bab`, `id_user`, `ordering_index`, `judul`, `deskripsi`, `id_materi_custom`) VALUES (:id_bab:, :id_user:, :ordering_index:, :judul:, :deskripsi:, :id_materi_custom:)', [...], false)
 2 APPPATH\Models\MateriModel.php(172): CodeIgniter\Database\BaseBuilder->insert([...])
 3 APPPATH\Controllers\Works.php(902): App\Models\MateriModel->insert_new_custom_pembahasan([...])
 4 SYSTEMPATH\CodeIgniter.php(933): App\Controllers\Works->pembahasan_add()
 5 SYSTEMPATH\CodeIgniter.php(509): CodeIgniter\CodeIgniter->runController(Object(App\Controllers\Works))
 6 SYSTEMPATH\CodeIgniter.php(355): CodeIgniter\CodeIgniter->handleRequest(null, Object(Config\Cache), false)
 7 SYSTEMPATH\Boot.php(312): CodeIgniter\CodeIgniter->run()
 8 SYSTEMPATH\Boot.php(67): CodeIgniter\Boot::runCodeIgniter(Object(CodeIgniter\CodeIgniter))
 9 FCPATH\index.php(56): CodeIgniter\Boot::bootWeb(Object(Config\Paths))
CRITICAL - 2026-04-18 05:50:16 --> [Caused by] CodeIgniter\Database\Exceptions\DatabaseException: Unknown column 'id_user' in 'field list'
in SYSTEMPATH\Database\MySQLi\Connection.php on line 313.
 1 SYSTEMPATH\Database\BaseConnection.php(722): CodeIgniter\Database\MySQLi\Connection->execute('INSERT INTO `table_pembahasan_custom` (`id_bab`, `id_user`, `ordering_index`, `judul`, `deskripsi`, `id_materi_custom`) VALUES (\'13\', \'1\', \'1\', \'Materi Bab 01\', \'<div>ba bla bla blab lbaaa</div>\', \'13\')')
 2 SYSTEMPATH\Database\BaseConnection.php(636): CodeIgniter\Database\BaseConnection->simpleQuery('INSERT INTO `table_pembahasan_custom` (`id_bab`, `id_user`, `ordering_index`, `judul`, `deskripsi`, `id_materi_custom`) VALUES (\'13\', \'1\', \'1\', \'Materi Bab 01\', \'<div>ba bla bla blab lbaaa</div>\', \'13\')')
 3 SYSTEMPATH\Database\BaseBuilder.php(2325): CodeIgniter\Database\BaseConnection->query('INSERT INTO `table_pembahasan_custom` (`id_bab`, `id_user`, `ordering_index`, `judul`, `deskripsi`, `id_materi_custom`) VALUES (:id_bab:, :id_user:, :ordering_index:, :judul:, :deskripsi:, :id_materi_custom:)', [...], false)
 4 APPPATH\Models\MateriModel.php(172): CodeIgniter\Database\BaseBuilder->insert([...])
 5 APPPATH\Controllers\Works.php(902): App\Models\MateriModel->insert_new_custom_pembahasan([...])
 6 SYSTEMPATH\CodeIgniter.php(933): App\Controllers\Works->pembahasan_add()
 7 SYSTEMPATH\CodeIgniter.php(509): CodeIgniter\CodeIgniter->runController(Object(App\Controllers\Works))
 8 SYSTEMPATH\CodeIgniter.php(355): CodeIgniter\CodeIgniter->handleRequest(null, Object(Config\Cache), false)
 9 SYSTEMPATH\Boot.php(312): CodeIgniter\CodeIgniter->run()
10 SYSTEMPATH\Boot.php(67): CodeIgniter\Boot::runCodeIgniter(Object(CodeIgniter\CodeIgniter))
11 FCPATH\index.php(56): CodeIgniter\Boot::bootWeb(Object(Config\Paths))
CRITICAL - 2026-04-18 05:50:16 --> [Caused by] mysqli_sql_exception: Unknown column 'id_user' in 'field list'
in SYSTEMPATH\Database\MySQLi\Connection.php on line 308.
 1 SYSTEMPATH\Database\MySQLi\Connection.php(308): mysqli->query('INSERT INTO `table_pembahasan_custom` (`id_bab`, `id_user`, `ordering_index`, `judul`, `deskripsi`, `id_materi_custom`) VALUES (\'13\', \'1\', \'1\', \'Materi Bab 01\', \'<div>ba bla bla blab lbaaa</div>\', \'13\')', 0)
 2 SYSTEMPATH\Database\BaseConnection.php(722): CodeIgniter\Database\MySQLi\Connection->execute('INSERT INTO `table_pembahasan_custom` (`id_bab`, `id_user`, `ordering_index`, `judul`, `deskripsi`, `id_materi_custom`) VALUES (\'13\', \'1\', \'1\', \'Materi Bab 01\', \'<div>ba bla bla blab lbaaa</div>\', \'13\')')
 3 SYSTEMPATH\Database\BaseConnection.php(636): CodeIgniter\Database\BaseConnection->simpleQuery('INSERT INTO `table_pembahasan_custom` (`id_bab`, `id_user`, `ordering_index`, `judul`, `deskripsi`, `id_materi_custom`) VALUES (\'13\', \'1\', \'1\', \'Materi Bab 01\', \'<div>ba bla bla blab lbaaa</div>\', \'13\')')
 4 SYSTEMPATH\Database\BaseBuilder.php(2325): CodeIgniter\Database\BaseConnection->query('INSERT INTO `table_pembahasan_custom` (`id_bab`, `id_user`, `ordering_index`, `judul`, `deskripsi`, `id_materi_custom`) VALUES (:id_bab:, :id_user:, :ordering_index:, :judul:, :deskripsi:, :id_materi_custom:)', [...], false)
 5 APPPATH\Models\MateriModel.php(172): CodeIgniter\Database\BaseBuilder->insert([...])
 6 APPPATH\Controllers\Works.php(902): App\Models\MateriModel->insert_new_custom_pembahasan([...])
 7 SYSTEMPATH\CodeIgniter.php(933): App\Controllers\Works->pembahasan_add()
 8 SYSTEMPATH\CodeIgniter.php(509): CodeIgniter\CodeIgniter->runController(Object(App\Controllers\Works))
 9 SYSTEMPATH\CodeIgniter.php(355): CodeIgniter\CodeIgniter->handleRequest(null, Object(Config\Cache), false)
10 SYSTEMPATH\Boot.php(312): CodeIgniter\CodeIgniter->run()
11 SYSTEMPATH\Boot.php(67): CodeIgniter\Boot::runCodeIgniter(Object(CodeIgniter\CodeIgniter))
12 FCPATH\index.php(56): CodeIgniter\Boot::bootWeb(Object(Config\Paths))
INFO - 2026-04-18 05:50:45 --> Session: Class initialized using 'CodeIgniter\Session\Handlers\FileHandler' driver.
INFO - 2026-04-18 05:50:58 --> Session: Class initialized using 'CodeIgniter\Session\Handlers\FileHandler' driver.
INFO - 2026-04-18 05:51:28 --> Session: Class initialized using 'CodeIgniter\Session\Handlers\FileHandler' driver.
INFO - 2026-04-18 05:52:28 --> Session: Class initialized using 'CodeIgniter\Session\Handlers\FileHandler' driver.
INFO - 2026-04-18 05:52:39 --> Session: Class initialized using 'CodeIgniter\Session\Handlers\FileHandler' driver.
INFO - 2026-04-18 05:52:50 --> Session: Class initialized using 'CodeIgniter\Session\Handlers\FileHandler' driver.
INFO - 2026-04-18 05:52:52 --> Session: Class initialized using 'CodeIgniter\Session\Handlers\FileHandler' driver.
INFO - 2026-04-18 05:53:04 --> Session: Class initialized using 'CodeIgniter\Session\Handlers\FileHandler' driver.
INFO - 2026-04-18 05:53:15 --> Session: Class initialized using 'CodeIgniter\Session\Handlers\FileHandler' driver.
INFO - 2026-04-18 05:53:29 --> Session: Class initialized using 'CodeIgniter\Session\Handlers\FileHandler' driver.
INFO - 2026-04-18 05:53:33 --> Session: Class initialized using 'CodeIgniter\Session\Handlers\FileHandler' driver.
INFO - 2026-04-18 05:53:40 --> Session: Class initialized using 'CodeIgniter\Session\Handlers\FileHandler' driver.
INFO - 2026-04-18 05:54:20 --> Session: Class initialized using 'CodeIgniter\Session\Handlers\FileHandler' driver.
INFO - 2026-04-18 05:54:24 --> Session: Class initialized using 'CodeIgniter\Session\Handlers\FileHandler' driver.
CRITICAL - 2026-04-18 05:54:24 --> ErrorException: Attempt to read property "nama_template" on bool
[Method: GET, Route: manage/materi/pembahasan]
in APPPATH\Controllers\Home.php on line 136.
 1 APPPATH\Controllers\Home.php(136): CodeIgniter\Debug\Exceptions->errorHandler(2, 'Attempt to read property "nama_template" on bool', 'C:\\xampp\\htdocs\\portal-fgroupindonesia\\app\\Controllers\\Home.php', 136)
 2 SYSTEMPATH\CodeIgniter.php(933): App\Controllers\Home->management_pembahasan_materi()
 3 SYSTEMPATH\CodeIgniter.php(509): CodeIgniter\CodeIgniter->runController(Object(App\Controllers\Home))
 4 SYSTEMPATH\CodeIgniter.php(355): CodeIgniter\CodeIgniter->handleRequest(null, Object(Config\Cache), false)
 5 SYSTEMPATH\Boot.php(312): CodeIgniter\CodeIgniter->run()
 6 SYSTEMPATH\Boot.php(67): CodeIgniter\Boot::runCodeIgniter(Object(CodeIgniter\CodeIgniter))
 7 FCPATH\index.php(56): CodeIgniter\Boot::bootWeb(Object(Config\Paths))
INFO - 2026-04-18 05:54:47 --> Session: Class initialized using 'CodeIgniter\Session\Handlers\FileHandler' driver.
INFO - 2026-04-18 05:55:17 --> Session: Class initialized using 'CodeIgniter\Session\Handlers\FileHandler' driver.
INFO - 2026-04-18 05:56:35 --> Session: Class initialized using 'CodeIgniter\Session\Handlers\FileHandler' driver.
INFO - 2026-04-18 05:56:43 --> Session: Class initialized using 'CodeIgniter\Session\Handlers\FileHandler' driver.
INFO - 2026-04-18 05:56:56 --> Session: Class initialized using 'CodeIgniter\Session\Handlers\FileHandler' driver.
INFO - 2026-04-18 05:56:58 --> Session: Class initialized using 'CodeIgniter\Session\Handlers\FileHandler' driver.
INFO - 2026-04-18 05:57:03 --> Session: Class initialized using 'CodeIgniter\Session\Handlers\FileHandler' driver.
INFO - 2026-04-18 05:57:06 --> Session: Class initialized using 'CodeIgniter\Session\Handlers\FileHandler' driver.
INFO - 2026-04-18 05:58:06 --> Session: Class initialized using 'CodeIgniter\Session\Handlers\FileHandler' driver.
INFO - 2026-04-18 06:04:07 --> Session: Class initialized using 'CodeIgniter\Session\Handlers\FileHandler' driver.
INFO - 2026-04-18 06:04:11 --> Session: Class initialized using 'CodeIgniter\Session\Handlers\FileHandler' driver.
INFO - 2026-04-18 06:08:25 --> Session: Class initialized using 'CodeIgniter\Session\Handlers\FileHandler' driver.
INFO - 2026-04-18 06:08:27 --> Session: Class initialized using 'CodeIgniter\Session\Handlers\FileHandler' driver.
INFO - 2026-04-18 09:34:19 --> Session: Class initialized using 'CodeIgniter\Session\Handlers\FileHandler' driver.
INFO - 2026-04-18 09:34:19 --> Session: Class initialized using 'CodeIgniter\Session\Handlers\FileHandler' driver.
INFO - 2026-04-18 09:36:19 --> Session: Class initialized using 'CodeIgniter\Session\Handlers\FileHandler' driver.
INFO - 2026-04-18 09:36:19 --> Session: Class initialized using 'CodeIgniter\Session\Handlers\FileHandler' driver.
INFO - 2026-04-18 09:36:25 --> Session: Class initialized using 'CodeIgniter\Session\Handlers\FileHandler' driver.
INFO - 2026-04-18 09:36:26 --> Session: Class initialized using 'CodeIgniter\Session\Handlers\FileHandler' driver.
INFO - 2026-04-18 09:36:28 --> Session: Class initialized using 'CodeIgniter\Session\Handlers\FileHandler' driver.
INFO - 2026-04-18 09:36:30 --> Session: Class initialized using 'CodeIgniter\Session\Handlers\FileHandler' driver.
INFO - 2026-04-18 09:36:59 --> Session: Class initialized using 'CodeIgniter\Session\Handlers\FileHandler' driver.
INFO - 2026-04-18 09:37:02 --> Session: Class initialized using 'CodeIgniter\Session\Handlers\FileHandler' driver.
INFO - 2026-04-18 09:37:11 --> Session: Class initialized using 'CodeIgniter\Session\Handlers\FileHandler' driver.
INFO - 2026-04-18 09:37:41 --> Session: Class initialized using 'CodeIgniter\Session\Handlers\FileHandler' driver.
INFO - 2026-04-18 09:37:44 --> Session: Class initialized using 'CodeIgniter\Session\Handlers\FileHandler' driver.
INFO - 2026-04-18 10:26:04 --> Session: Class initialized using 'CodeIgniter\Session\Handlers\FileHandler' driver.
INFO - 2026-04-18 10:26:06 --> Session: Class initialized using 'CodeIgniter\Session\Handlers\FileHandler' driver.
INFO - 2026-04-18 10:26:07 --> Session: Class initialized using 'CodeIgniter\Session\Handlers\FileHandler' driver.
INFO - 2026-04-18 10:26:10 --> Session: Class initialized using 'CodeIgniter\Session\Handlers\FileHandler' driver.
INFO - 2026-04-18 10:26:12 --> Session: Class initialized using 'CodeIgniter\Session\Handlers\FileHandler' driver.
INFO - 2026-04-18 10:26:19 --> Session: Class initialized using 'CodeIgniter\Session\Handlers\FileHandler' driver.
INFO - 2026-04-18 10:27:34 --> Session: Class initialized using 'CodeIgniter\Session\Handlers\FileHandler' driver.
INFO - 2026-04-18 10:27:39 --> Session: Class initialized using 'CodeIgniter\Session\Handlers\FileHandler' driver.
INFO - 2026-04-18 10:29:36 --> Session: Class initialized using 'CodeIgniter\Session\Handlers\FileHandler' driver.
INFO - 2026-04-18 10:29:42 --> Session: Class initialized using 'CodeIgniter\Session\Handlers\FileHandler' driver.
INFO - 2026-04-18 10:33:32 --> Session: Class initialized using 'CodeIgniter\Session\Handlers\FileHandler' driver.
INFO - 2026-04-18 10:33:34 --> Session: Class initialized using 'CodeIgniter\Session\Handlers\FileHandler' driver.
INFO - 2026-04-18 10:33:35 --> Session: Class initialized using 'CodeIgniter\Session\Handlers\FileHandler' driver.
INFO - 2026-04-18 10:33:39 --> Session: Class initialized using 'CodeIgniter\Session\Handlers\FileHandler' driver.
INFO - 2026-04-18 10:33:42 --> Session: Class initialized using 'CodeIgniter\Session\Handlers\FileHandler' driver.
INFO - 2026-04-18 10:33:44 --> Session: Class initialized using 'CodeIgniter\Session\Handlers\FileHandler' driver.
INFO - 2026-04-18 10:33:45 --> Session: Class initialized using 'CodeIgniter\Session\Handlers\FileHandler' driver.
INFO - 2026-04-18 10:40:48 --> Session: Class initialized using 'CodeIgniter\Session\Handlers\FileHandler' driver.
INFO - 2026-04-18 10:40:56 --> Session: Class initialized using 'CodeIgniter\Session\Handlers\FileHandler' driver.
INFO - 2026-04-18 10:41:26 --> Session: Class initialized using 'CodeIgniter\Session\Handlers\FileHandler' driver.
INFO - 2026-04-18 10:41:46 --> Session: Class initialized using 'CodeIgniter\Session\Handlers\FileHandler' driver.
INFO - 2026-04-18 10:42:00 --> Session: Class initialized using 'CodeIgniter\Session\Handlers\FileHandler' driver.
INFO - 2026-04-18 10:42:19 --> Session: Class initialized using 'CodeIgniter\Session\Handlers\FileHandler' driver.
INFO - 2026-04-18 10:44:35 --> Session: Class initialized using 'CodeIgniter\Session\Handlers\FileHandler' driver.
INFO - 2026-04-18 10:44:36 --> Session: Class initialized using 'CodeIgniter\Session\Handlers\FileHandler' driver.
INFO - 2026-04-18 10:44:37 --> Session: Class initialized using 'CodeIgniter\Session\Handlers\FileHandler' driver.
INFO - 2026-04-18 10:44:39 --> Session: Class initialized using 'CodeIgniter\Session\Handlers\FileHandler' driver.
INFO - 2026-04-18 10:45:11 --> Session: Class initialized using 'CodeIgniter\Session\Handlers\FileHandler' driver.
INFO - 2026-04-18 10:45:19 --> Session: Class initialized using 'CodeIgniter\Session\Handlers\FileHandler' driver.
INFO - 2026-04-18 10:45:39 --> Session: Class initialized using 'CodeIgniter\Session\Handlers\FileHandler' driver.
INFO - 2026-04-18 10:45:44 --> Session: Class initialized using 'CodeIgniter\Session\Handlers\FileHandler' driver.
INFO - 2026-04-18 10:46:02 --> Session: Class initialized using 'CodeIgniter\Session\Handlers\FileHandler' driver.
INFO - 2026-04-18 10:46:04 --> Session: Class initialized using 'CodeIgniter\Session\Handlers\FileHandler' driver.
INFO - 2026-04-18 10:46:05 --> Session: Class initialized using 'CodeIgniter\Session\Handlers\FileHandler' driver.
INFO - 2026-04-18 10:46:06 --> Session: Class initialized using 'CodeIgniter\Session\Handlers\FileHandler' driver.
INFO - 2026-04-18 10:46:07 --> Session: Class initialized using 'CodeIgniter\Session\Handlers\FileHandler' driver.
INFO - 2026-04-18 10:46:15 --> Session: Class initialized using 'CodeIgniter\Session\Handlers\FileHandler' driver.
INFO - 2026-04-18 10:46:28 --> Session: Class initialized using 'CodeIgniter\Session\Handlers\FileHandler' driver.
INFO - 2026-04-18 10:46:29 --> Session: Class initialized using 'CodeIgniter\Session\Handlers\FileHandler' driver.
INFO - 2026-04-18 10:46:33 --> Session: Class initialized using 'CodeIgniter\Session\Handlers\FileHandler' driver.
INFO - 2026-04-18 10:46:35 --> Session: Class initialized using 'CodeIgniter\Session\Handlers\FileHandler' driver.
INFO - 2026-04-18 10:46:42 --> Session: Class initialized using 'CodeIgniter\Session\Handlers\FileHandler' driver.
INFO - 2026-04-18 10:46:49 --> Session: Class initialized using 'CodeIgniter\Session\Handlers\FileHandler' driver.
INFO - 2026-04-18 10:46:52 --> Session: Class initialized using 'CodeIgniter\Session\Handlers\FileHandler' driver.
INFO - 2026-04-18 10:46:53 --> Session: Class initialized using 'CodeIgniter\Session\Handlers\FileHandler' driver.
INFO - 2026-04-18 10:46:57 --> Session: Class initialized using 'CodeIgniter\Session\Handlers\FileHandler' driver.
INFO - 2026-04-18 10:46:58 --> Session: Class initialized using 'CodeIgniter\Session\Handlers\FileHandler' driver.
INFO - 2026-04-18 10:46:59 --> Session: Class initialized using 'CodeIgniter\Session\Handlers\FileHandler' driver.
INFO - 2026-04-18 10:47:00 --> Session: Class initialized using 'CodeIgniter\Session\Handlers\FileHandler' driver.
INFO - 2026-04-18 10:47:01 --> Session: Class initialized using 'CodeIgniter\Session\Handlers\FileHandler' driver.
INFO - 2026-04-18 10:47:06 --> Session: Class initialized using 'CodeIgniter\Session\Handlers\FileHandler' driver.
INFO - 2026-04-18 10:47:26 --> Session: Class initialized using 'CodeIgniter\Session\Handlers\FileHandler' driver.
INFO - 2026-04-18 10:49:06 --> Session: Class initialized using 'CodeIgniter\Session\Handlers\FileHandler' driver.
INFO - 2026-04-18 10:49:56 --> Session: Class initialized using 'CodeIgniter\Session\Handlers\FileHandler' driver.
INFO - 2026-04-18 10:50:15 --> Session: Class initialized using 'CodeIgniter\Session\Handlers\FileHandler' driver.
INFO - 2026-04-18 10:51:05 --> Session: Class initialized using 'CodeIgniter\Session\Handlers\FileHandler' driver.
INFO - 2026-04-18 10:51:05 --> Session: Class initialized using 'CodeIgniter\Session\Handlers\FileHandler' driver.
INFO - 2026-04-18 10:51:29 --> Session: Class initialized using 'CodeIgniter\Session\Handlers\FileHandler' driver.
INFO - 2026-04-18 10:51:45 --> Session: Class initialized using 'CodeIgniter\Session\Handlers\FileHandler' driver.
INFO - 2026-04-18 10:52:17 --> Session: Class initialized using 'CodeIgniter\Session\Handlers\FileHandler' driver.
INFO - 2026-04-18 10:52:21 --> Session: Class initialized using 'CodeIgniter\Session\Handlers\FileHandler' driver.
INFO - 2026-04-18 10:52:28 --> Session: Class initialized using 'CodeIgniter\Session\Handlers\FileHandler' driver.
INFO - 2026-04-18 10:52:30 --> Session: Class initialized using 'CodeIgniter\Session\Handlers\FileHandler' driver.
INFO - 2026-04-18 10:52:31 --> Session: Class initialized using 'CodeIgniter\Session\Handlers\FileHandler' driver.
INFO - 2026-04-18 10:52:31 --> Session: Class initialized using 'CodeIgniter\Session\Handlers\FileHandler' driver.
INFO - 2026-04-18 10:52:32 --> Session: Class initialized using 'CodeIgniter\Session\Handlers\FileHandler' driver.
INFO - 2026-04-18 10:52:36 --> Session: Class initialized using 'CodeIgniter\Session\Handlers\FileHandler' driver.
INFO - 2026-04-18 10:52:39 --> Session: Class initialized using 'CodeIgniter\Session\Handlers\FileHandler' driver.
INFO - 2026-04-18 10:55:36 --> Session: Class initialized using 'CodeIgniter\Session\Handlers\FileHandler' driver.
INFO - 2026-04-18 10:55:37 --> Session: Class initialized using 'CodeIgniter\Session\Handlers\FileHandler' driver.
INFO - 2026-04-18 10:55:49 --> Session: Class initialized using 'CodeIgniter\Session\Handlers\FileHandler' driver.
INFO - 2026-04-18 10:56:14 --> Session: Class initialized using 'CodeIgniter\Session\Handlers\FileHandler' driver.
INFO - 2026-04-18 10:57:23 --> Session: Class initialized using 'CodeIgniter\Session\Handlers\FileHandler' driver.
INFO - 2026-04-18 10:57:40 --> Session: Class initialized using 'CodeIgniter\Session\Handlers\FileHandler' driver.
INFO - 2026-04-18 10:58:07 --> Session: Class initialized using 'CodeIgniter\Session\Handlers\FileHandler' driver.
INFO - 2026-04-18 10:58:17 --> Session: Class initialized using 'CodeIgniter\Session\Handlers\FileHandler' driver.
INFO - 2026-04-18 10:58:25 --> Session: Class initialized using 'CodeIgniter\Session\Handlers\FileHandler' driver.
INFO - 2026-04-18 10:58:48 --> Session: Class initialized using 'CodeIgniter\Session\Handlers\FileHandler' driver.
INFO - 2026-04-18 11:00:47 --> Session: Class initialized using 'CodeIgniter\Session\Handlers\FileHandler' driver.
INFO - 2026-04-18 11:00:54 --> Session: Class initialized using 'CodeIgniter\Session\Handlers\FileHandler' driver.
INFO - 2026-04-18 11:01:02 --> Session: Class initialized using 'CodeIgniter\Session\Handlers\FileHandler' driver.
INFO - 2026-04-18 11:01:05 --> Session: Class initialized using 'CodeIgniter\Session\Handlers\FileHandler' driver.
INFO - 2026-04-18 11:01:20 --> Session: Class initialized using 'CodeIgniter\Session\Handlers\FileHandler' driver.
INFO - 2026-04-18 11:01:23 --> Session: Class initialized using 'CodeIgniter\Session\Handlers\FileHandler' driver.
INFO - 2026-04-18 11:01:27 --> Session: Class initialized using 'CodeIgniter\Session\Handlers\FileHandler' driver.
INFO - 2026-04-18 11:01:36 --> Session: Class initialized using 'CodeIgniter\Session\Handlers\FileHandler' driver.
INFO - 2026-04-18 11:01:43 --> Session: Class initialized using 'CodeIgniter\Session\Handlers\FileHandler' driver.
INFO - 2026-04-18 11:01:45 --> Session: Class initialized using 'CodeIgniter\Session\Handlers\FileHandler' driver.
INFO - 2026-04-18 11:02:47 --> Session: Class initialized using 'CodeIgniter\Session\Handlers\FileHandler' driver.
INFO - 2026-04-18 11:02:49 --> Session: Class initialized using 'CodeIgniter\Session\Handlers\FileHandler' driver.
INFO - 2026-04-18 11:02:50 --> Session: Class initialized using 'CodeIgniter\Session\Handlers\FileHandler' driver.
INFO - 2026-04-18 11:02:58 --> Session: Class initialized using 'CodeIgniter\Session\Handlers\FileHandler' driver.
INFO - 2026-04-18 11:03:06 --> Session: Class initialized using 'CodeIgniter\Session\Handlers\FileHandler' driver.
INFO - 2026-04-18 11:05:19 --> Session: Class initialized using 'CodeIgniter\Session\Handlers\FileHandler' driver.
INFO - 2026-04-18 11:05:20 --> Session: Class initialized using 'CodeIgniter\Session\Handlers\FileHandler' driver.
INFO - 2026-04-18 11:05:22 --> Session: Class initialized using 'CodeIgniter\Session\Handlers\FileHandler' driver.
INFO - 2026-04-18 12:18:23 --> Session: Class initialized using 'CodeIgniter\Session\Handlers\FileHandler' driver.
INFO - 2026-04-18 12:18:27 --> Session: Class initialized using 'CodeIgniter\Session\Handlers\FileHandler' driver.
INFO - 2026-04-18 12:18:35 --> Session: Class initialized using 'CodeIgniter\Session\Handlers\FileHandler' driver.
INFO - 2026-04-18 12:18:41 --> Session: Class initialized using 'CodeIgniter\Session\Handlers\FileHandler' driver.
INFO - 2026-04-18 12:18:41 --> Session: Class initialized using 'CodeIgniter\Session\Handlers\FileHandler' driver.
INFO - 2026-04-18 12:18:45 --> Session: Class initialized using 'CodeIgniter\Session\Handlers\FileHandler' driver.
INFO - 2026-04-18 12:18:45 --> Session: Class initialized using 'CodeIgniter\Session\Handlers\FileHandler' driver.
INFO - 2026-04-18 12:21:56 --> Session: Class initialized using 'CodeIgniter\Session\Handlers\FileHandler' driver.
INFO - 2026-04-18 12:21:56 --> Session: Class initialized using 'CodeIgniter\Session\Handlers\FileHandler' driver.
INFO - 2026-04-18 13:53:27 --> Session: Class initialized using 'CodeIgniter\Session\Handlers\FileHandler' driver.
INFO - 2026-04-18 13:53:31 --> Session: Class initialized using 'CodeIgniter\Session\Handlers\FileHandler' driver.
INFO - 2026-04-18 13:53:34 --> Session: Class initialized using 'CodeIgniter\Session\Handlers\FileHandler' driver.
INFO - 2026-04-18 13:53:39 --> Session: Class initialized using 'CodeIgniter\Session\Handlers\FileHandler' driver.
INFO - 2026-04-18 13:53:48 --> Session: Class initialized using 'CodeIgniter\Session\Handlers\FileHandler' driver.
INFO - 2026-04-18 13:53:48 --> Session: Class initialized using 'CodeIgniter\Session\Handlers\FileHandler' driver.
INFO - 2026-04-18 13:54:21 --> Session: Class initialized using 'CodeIgniter\Session\Handlers\FileHandler' driver.
INFO - 2026-04-18 13:57:27 --> Session: Class initialized using 'CodeIgniter\Session\Handlers\FileHandler' driver.
INFO - 2026-04-18 13:57:50 --> Session: Class initialized using 'CodeIgniter\Session\Handlers\FileHandler' driver.
INFO - 2026-04-18 13:58:21 --> Session: Class initialized using 'CodeIgniter\Session\Handlers\FileHandler' driver.
INFO - 2026-04-18 13:58:30 --> Session: Class initialized using 'CodeIgniter\Session\Handlers\FileHandler' driver.
INFO - 2026-04-18 13:58:35 --> Session: Class initialized using 'CodeIgniter\Session\Handlers\FileHandler' driver.
INFO - 2026-04-18 13:58:44 --> Session: Class initialized using 'CodeIgniter\Session\Handlers\FileHandler' driver.
INFO - 2026-04-18 13:58:49 --> Session: Class initialized using 'CodeIgniter\Session\Handlers\FileHandler' driver.
INFO - 2026-04-18 13:59:57 --> Session: Class initialized using 'CodeIgniter\Session\Handlers\FileHandler' driver.
INFO - 2026-04-18 14:00:03 --> Session: Class initialized using 'CodeIgniter\Session\Handlers\FileHandler' driver.
INFO - 2026-04-18 14:00:12 --> Session: Class initialized using 'CodeIgniter\Session\Handlers\FileHandler' driver.
INFO - 2026-04-18 14:00:15 --> Session: Class initialized using 'CodeIgniter\Session\Handlers\FileHandler' driver.
INFO - 2026-04-18 14:00:25 --> Session: Class initialized using 'CodeIgniter\Session\Handlers\FileHandler' driver.
INFO - 2026-04-18 14:00:32 --> Session: Class initialized using 'CodeIgniter\Session\Handlers\FileHandler' driver.
INFO - 2026-04-18 14:00:35 --> Session: Class initialized using 'CodeIgniter\Session\Handlers\FileHandler' driver.
INFO - 2026-04-18 14:04:57 --> Session: Class initialized using 'CodeIgniter\Session\Handlers\FileHandler' driver.
ERROR - 2026-04-18 14:04:57 --> mysqli_sql_exception: Unknown column 'username' in 'where clause' in C:\xampp\htdocs\portal-fgroupindonesia\system\Database\MySQLi\Connection.php:308
Stack trace:
#0 C:\xampp\htdocs\portal-fgroupindonesia\system\Database\MySQLi\Connection.php(308): mysqli->query('SELECT *\nFROM `...', 0)
#1 C:\xampp\htdocs\portal-fgroupindonesia\system\Database\BaseConnection.php(722): CodeIgniter\Database\MySQLi\Connection->execute('SELECT *\nFROM `...')
#2 C:\xampp\htdocs\portal-fgroupindonesia\system\Database\BaseConnection.php(636): CodeIgniter\Database\BaseConnection->simpleQuery('SELECT *\nFROM `...')
#3 C:\xampp\htdocs\portal-fgroupindonesia\system\Database\BaseBuilder.php(1629): CodeIgniter\Database\BaseConnection->query('SELECT *\nFROM `...', Array, false)
#4 C:\xampp\htdocs\portal-fgroupindonesia\app\Models\ProgressMateriModel.php(54): CodeIgniter\Database\BaseBuilder->get()
#5 C:\xampp\htdocs\portal-fgroupindonesia\app\Controllers\BaseController.php(177): App\Models\ProgressMateriModel->get_all_by_username('gumuruh')
#6 C:\xampp\htdocs\portal-fgroupindonesia\app\Controllers\Home.php(662): App\Controllers\BaseController->get_user_data()
#7 C:\xampp\htdocs\portal-fgroupindonesia\system\CodeIgniter.php(933): App\Controllers\Home->display_home()
#8 C:\xampp\htdocs\portal-fgroupindonesia\system\CodeIgniter.php(509): CodeIgniter\CodeIgniter->runController(Object(App\Controllers\Home))
#9 C:\xampp\htdocs\portal-fgroupindonesia\system\CodeIgniter.php(355): CodeIgniter\CodeIgniter->handleRequest(NULL, Object(Config\Cache), false)
#10 C:\xampp\htdocs\portal-fgroupindonesia\system\Boot.php(312): CodeIgniter\CodeIgniter->run()
#11 C:\xampp\htdocs\portal-fgroupindonesia\system\Boot.php(67): CodeIgniter\Boot::runCodeIgniter(Object(CodeIgniter\CodeIgniter))
#12 C:\xampp\htdocs\portal-fgroupindonesia\public\index.php(56): CodeIgniter\Boot::bootWeb(Object(Config\Paths))
#13 {main}
CRITICAL - 2026-04-18 14:04:57 --> CodeIgniter\Database\Exceptions\DatabaseException: Unknown column 'username' in 'where clause'
[Method: GET, Route: homepage]
in SYSTEMPATH\Database\BaseConnection.php on line 676.
 1 SYSTEMPATH\Database\BaseBuilder.php(1629): CodeIgniter\Database\BaseConnection->query('SELECT *
FROM `table_progress_materi`
WHERE `username` = :username:', [...], false)
 2 APPPATH\Models\ProgressMateriModel.php(54): CodeIgniter\Database\BaseBuilder->get()
 3 APPPATH\Controllers\BaseController.php(177): App\Models\ProgressMateriModel->get_all_by_username('gumuruh')
 4 APPPATH\Controllers\Home.php(662): App\Controllers\BaseController->get_user_data()
 5 SYSTEMPATH\CodeIgniter.php(933): App\Controllers\Home->display_home()
 6 SYSTEMPATH\CodeIgniter.php(509): CodeIgniter\CodeIgniter->runController(Object(App\Controllers\Home))
 7 SYSTEMPATH\CodeIgniter.php(355): CodeIgniter\CodeIgniter->handleRequest(null, Object(Config\Cache), false)
 8 SYSTEMPATH\Boot.php(312): CodeIgniter\CodeIgniter->run()
 9 SYSTEMPATH\Boot.php(67): CodeIgniter\Boot::runCodeIgniter(Object(CodeIgniter\CodeIgniter))
10 FCPATH\index.php(56): CodeIgniter\Boot::bootWeb(Object(Config\Paths))
CRITICAL - 2026-04-18 14:04:57 --> [Caused by] CodeIgniter\Database\Exceptions\DatabaseException: Unknown column 'username' in 'where clause'
in SYSTEMPATH\Database\MySQLi\Connection.php on line 313.
 1 SYSTEMPATH\Database\BaseConnection.php(722): CodeIgniter\Database\MySQLi\Connection->execute('SELECT *
FROM `table_progress_materi`
WHERE `username` = \'gumuruh\'')
 2 SYSTEMPATH\Database\BaseConnection.php(636): CodeIgniter\Database\BaseConnection->simpleQuery('SELECT *
FROM `table_progress_materi`
WHERE `username` = \'gumuruh\'')
 3 SYSTEMPATH\Database\BaseBuilder.php(1629): CodeIgniter\Database\BaseConnection->query('SELECT *
FROM `table_progress_materi`
WHERE `username` = :username:', [...], false)
 4 APPPATH\Models\ProgressMateriModel.php(54): CodeIgniter\Database\BaseBuilder->get()
 5 APPPATH\Controllers\BaseController.php(177): App\Models\ProgressMateriModel->get_all_by_username('gumuruh')
 6 APPPATH\Controllers\Home.php(662): App\Controllers\BaseController->get_user_data()
 7 SYSTEMPATH\CodeIgniter.php(933): App\Controllers\Home->display_home()
 8 SYSTEMPATH\CodeIgniter.php(509): CodeIgniter\CodeIgniter->runController(Object(App\Controllers\Home))
 9 SYSTEMPATH\CodeIgniter.php(355): CodeIgniter\CodeIgniter->handleRequest(null, Object(Config\Cache), false)
10 SYSTEMPATH\Boot.php(312): CodeIgniter\CodeIgniter->run()
11 SYSTEMPATH\Boot.php(67): CodeIgniter\Boot::runCodeIgniter(Object(CodeIgniter\CodeIgniter))
12 FCPATH\index.php(56): CodeIgniter\Boot::bootWeb(Object(Config\Paths))
CRITICAL - 2026-04-18 14:04:57 --> [Caused by] mysqli_sql_exception: Unknown column 'username' in 'where clause'
in SYSTEMPATH\Database\MySQLi\Connection.php on line 308.
 1 SYSTEMPATH\Database\MySQLi\Connection.php(308): mysqli->query('SELECT *
FROM `table_progress_materi`
WHERE `username` = \'gumuruh\'', 0)
 2 SYSTEMPATH\Database\BaseConnection.php(722): CodeIgniter\Database\MySQLi\Connection->execute('SELECT *
FROM `table_progress_materi`
WHERE `username` = \'gumuruh\'')
 3 SYSTEMPATH\Database\BaseConnection.php(636): CodeIgniter\Database\BaseConnection->simpleQuery('SELECT *
FROM `table_progress_materi`
WHERE `username` = \'gumuruh\'')
 4 SYSTEMPATH\Database\BaseBuilder.php(1629): CodeIgniter\Database\BaseConnection->query('SELECT *
FROM `table_progress_materi`
WHERE `username` = :username:', [...], false)
 5 APPPATH\Models\ProgressMateriModel.php(54): CodeIgniter\Database\BaseBuilder->get()
 6 APPPATH\Controllers\BaseController.php(177): App\Models\ProgressMateriModel->get_all_by_username('gumuruh')
 7 APPPATH\Controllers\Home.php(662): App\Controllers\BaseController->get_user_data()
 8 SYSTEMPATH\CodeIgniter.php(933): App\Controllers\Home->display_home()
 9 SYSTEMPATH\CodeIgniter.php(509): CodeIgniter\CodeIgniter->runController(Object(App\Controllers\Home))
10 SYSTEMPATH\CodeIgniter.php(355): CodeIgniter\CodeIgniter->handleRequest(null, Object(Config\Cache), false)
11 SYSTEMPATH\Boot.php(312): CodeIgniter\CodeIgniter->run()
12 SYSTEMPATH\Boot.php(67): CodeIgniter\Boot::runCodeIgniter(Object(CodeIgniter\CodeIgniter))
13 FCPATH\index.php(56): CodeIgniter\Boot::bootWeb(Object(Config\Paths))
INFO - 2026-04-18 14:10:01 --> Session: Class initialized using 'CodeIgniter\Session\Handlers\FileHandler' driver.
INFO - 2026-04-18 14:10:05 --> Session: Class initialized using 'CodeIgniter\Session\Handlers\FileHandler' driver.
INFO - 2026-04-18 14:10:07 --> Session: Class initialized using 'CodeIgniter\Session\Handlers\FileHandler' driver.
INFO - 2026-04-18 14:10:09 --> Session: Class initialized using 'CodeIgniter\Session\Handlers\FileHandler' driver.
INFO - 2026-04-18 14:15:30 --> Session: Class initialized using 'CodeIgniter\Session\Handlers\FileHandler' driver.
INFO - 2026-04-18 14:15:33 --> Session: Class initialized using 'CodeIgniter\Session\Handlers\FileHandler' driver.
INFO - 2026-04-18 14:15:46 --> Session: Class initialized using 'CodeIgniter\Session\Handlers\FileHandler' driver.
INFO - 2026-04-18 14:15:55 --> Session: Class initialized using 'CodeIgniter\Session\Handlers\FileHandler' driver.
INFO - 2026-04-18 14:16:01 --> Session: Class initialized using 'CodeIgniter\Session\Handlers\FileHandler' driver.
INFO - 2026-04-18 14:18:55 --> Session: Class initialized using 'CodeIgniter\Session\Handlers\FileHandler' driver.
INFO - 2026-04-18 14:18:57 --> Session: Class initialized using 'CodeIgniter\Session\Handlers\FileHandler' driver.
INFO - 2026-04-18 14:24:04 --> Session: Class initialized using 'CodeIgniter\Session\Handlers\FileHandler' driver.
INFO - 2026-04-18 14:24:06 --> Session: Class initialized using 'CodeIgniter\Session\Handlers\FileHandler' driver.
INFO - 2026-04-18 14:24:07 --> Session: Class initialized using 'CodeIgniter\Session\Handlers\FileHandler' driver.
INFO - 2026-04-18 14:24:34 --> Session: Class initialized using 'CodeIgniter\Session\Handlers\FileHandler' driver.
INFO - 2026-04-18 14:32:52 --> Session: Class initialized using 'CodeIgniter\Session\Handlers\FileHandler' driver.
ERROR - 2026-04-18 14:32:52 --> mysqli_sql_exception: Unknown column 'table_student_materi.username' in 'where clause' in C:\xampp\htdocs\portal-fgroupindonesia\system\Database\MySQLi\Connection.php:308
Stack trace:
#0 C:\xampp\htdocs\portal-fgroupindonesia\system\Database\MySQLi\Connection.php(308): mysqli->query('SELECT `table_m...', 0)
#1 C:\xampp\htdocs\portal-fgroupindonesia\system\Database\BaseConnection.php(722): CodeIgniter\Database\MySQLi\Connection->execute('SELECT `table_m...')
#2 C:\xampp\htdocs\portal-fgroupindonesia\system\Database\BaseConnection.php(636): CodeIgniter\Database\BaseConnection->simpleQuery('SELECT `table_m...')
#3 C:\xampp\htdocs\portal-fgroupindonesia\system\Database\BaseBuilder.php(1629): CodeIgniter\Database\BaseConnection->query('SELECT `table_m...', Array, false)
#4 C:\xampp\htdocs\portal-fgroupindonesia\app\Models\MateriModel.php(511): CodeIgniter\Database\BaseBuilder->get()
#5 C:\xampp\htdocs\portal-fgroupindonesia\app\Controllers\Home.php(388): App\Models\MateriModel->get_subscribed_materi('15', 'gumuruh')
#6 C:\xampp\htdocs\portal-fgroupindonesia\system\CodeIgniter.php(933): App\Controllers\Home->display_start_materi()
#7 C:\xampp\htdocs\portal-fgroupindonesia\system\CodeIgniter.php(509): CodeIgniter\CodeIgniter->runController(Object(App\Controllers\Home))
#8 C:\xampp\htdocs\portal-fgroupindonesia\system\CodeIgniter.php(355): CodeIgniter\CodeIgniter->handleRequest(NULL, Object(Config\Cache), false)
#9 C:\xampp\htdocs\portal-fgroupindonesia\system\Boot.php(312): CodeIgniter\CodeIgniter->run()
#10 C:\xampp\htdocs\portal-fgroupindonesia\system\Boot.php(67): CodeIgniter\Boot::runCodeIgniter(Object(CodeIgniter\CodeIgniter))
#11 C:\xampp\htdocs\portal-fgroupindonesia\public\index.php(56): CodeIgniter\Boot::bootWeb(Object(Config\Paths))
#12 {main}
CRITICAL - 2026-04-18 14:32:52 --> CodeIgniter\Database\Exceptions\DatabaseException: Unknown column 'table_student_materi.username' in 'where clause'
[Method: GET, Route: materi/start]
in SYSTEMPATH\Database\BaseConnection.php on line 676.
 1 SYSTEMPATH\Database\BaseBuilder.php(1629): CodeIgniter\Database\BaseConnection->query('SELECT `table_materi`.*, `table_student_materi`.`status`, `table_student_materi`.`paket`, `table_student_materi`.`url_alive` as `custom_url_alive`
FROM `table_materi`
JOIN `table_student_materi` ON `table_materi`.`id` = `table_student_materi`.`id_materi`
WHERE `table_student_materi`.`id_materi` = :table_student_materi.id_materi:
AND `table_student_materi`.`username` = :table_student_materi.username:', [...], false)
 2 APPPATH\Models\MateriModel.php(511): CodeIgniter\Database\BaseBuilder->get()
 3 APPPATH\Controllers\Home.php(388): App\Models\MateriModel->get_subscribed_materi('15', 'gumuruh')
 4 SYSTEMPATH\CodeIgniter.php(933): App\Controllers\Home->display_start_materi()
 5 SYSTEMPATH\CodeIgniter.php(509): CodeIgniter\CodeIgniter->runController(Object(App\Controllers\Home))
 6 SYSTEMPATH\CodeIgniter.php(355): CodeIgniter\CodeIgniter->handleRequest(null, Object(Config\Cache), false)
 7 SYSTEMPATH\Boot.php(312): CodeIgniter\CodeIgniter->run()
 8 SYSTEMPATH\Boot.php(67): CodeIgniter\Boot::runCodeIgniter(Object(CodeIgniter\CodeIgniter))
 9 FCPATH\index.php(56): CodeIgniter\Boot::bootWeb(Object(Config\Paths))
CRITICAL - 2026-04-18 14:32:52 --> [Caused by] CodeIgniter\Database\Exceptions\DatabaseException: Unknown column 'table_student_materi.username' in 'where clause'
in SYSTEMPATH\Database\MySQLi\Connection.php on line 313.
 1 SYSTEMPATH\Database\BaseConnection.php(722): CodeIgniter\Database\MySQLi\Connection->execute('SELECT `table_materi`.*, `table_student_materi`.`status`, `table_student_materi`.`paket`, `table_student_materi`.`url_alive` as `custom_url_alive`
FROM `table_materi`
JOIN `table_student_materi` ON `table_materi`.`id` = `table_student_materi`.`id_materi`
WHERE `table_student_materi`.`id_materi` = \'15\'
AND `table_student_materi`.`username` = \'gumuruh\'')
 2 SYSTEMPATH\Database\BaseConnection.php(636): CodeIgniter\Database\BaseConnection->simpleQuery('SELECT `table_materi`.*, `table_student_materi`.`status`, `table_student_materi`.`paket`, `table_student_materi`.`url_alive` as `custom_url_alive`
FROM `table_materi`
JOIN `table_student_materi` ON `table_materi`.`id` = `table_student_materi`.`id_materi`
WHERE `table_student_materi`.`id_materi` = \'15\'
AND `table_student_materi`.`username` = \'gumuruh\'')
 3 SYSTEMPATH\Database\BaseBuilder.php(1629): CodeIgniter\Database\BaseConnection->query('SELECT `table_materi`.*, `table_student_materi`.`status`, `table_student_materi`.`paket`, `table_student_materi`.`url_alive` as `custom_url_alive`
FROM `table_materi`
JOIN `table_student_materi` ON `table_materi`.`id` = `table_student_materi`.`id_materi`
WHERE `table_student_materi`.`id_materi` = :table_student_materi.id_materi:
AND `table_student_materi`.`username` = :table_student_materi.username:', [...], false)
 4 APPPATH\Models\MateriModel.php(511): CodeIgniter\Database\BaseBuilder->get()
 5 APPPATH\Controllers\Home.php(388): App\Models\MateriModel->get_subscribed_materi('15', 'gumuruh')
 6 SYSTEMPATH\CodeIgniter.php(933): App\Controllers\Home->display_start_materi()
 7 SYSTEMPATH\CodeIgniter.php(509): CodeIgniter\CodeIgniter->runController(Object(App\Controllers\Home))
 8 SYSTEMPATH\CodeIgniter.php(355): CodeIgniter\CodeIgniter->handleRequest(null, Object(Config\Cache), false)
 9 SYSTEMPATH\Boot.php(312): CodeIgniter\CodeIgniter->run()
10 SYSTEMPATH\Boot.php(67): CodeIgniter\Boot::runCodeIgniter(Object(CodeIgniter\CodeIgniter))
11 FCPATH\index.php(56): CodeIgniter\Boot::bootWeb(Object(Config\Paths))
CRITICAL - 2026-04-18 14:32:52 --> [Caused by] mysqli_sql_exception: Unknown column 'table_student_materi.username' in 'where clause'
in SYSTEMPATH\Database\MySQLi\Connection.php on line 308.
 1 SYSTEMPATH\Database\MySQLi\Connection.php(308): mysqli->query('SELECT `table_materi`.*, `table_student_materi`.`status`, `table_student_materi`.`paket`, `table_student_materi`.`url_alive` as `custom_url_alive`
FROM `table_materi`
JOIN `table_student_materi` ON `table_materi`.`id` = `table_student_materi`.`id_materi`
WHERE `table_student_materi`.`id_materi` = \'15\'
AND `table_student_materi`.`username` = \'gumuruh\'', 0)
 2 SYSTEMPATH\Database\BaseConnection.php(722): CodeIgniter\Database\MySQLi\Connection->execute('SELECT `table_materi`.*, `table_student_materi`.`status`, `table_student_materi`.`paket`, `table_student_materi`.`url_alive` as `custom_url_alive`
FROM `table_materi`
JOIN `table_student_materi` ON `table_materi`.`id` = `table_student_materi`.`id_materi`
WHERE `table_student_materi`.`id_materi` = \'15\'
AND `table_student_materi`.`username` = \'gumuruh\'')
 3 SYSTEMPATH\Database\BaseConnection.php(636): CodeIgniter\Database\BaseConnection->simpleQuery('SELECT `table_materi`.*, `table_student_materi`.`status`, `table_student_materi`.`paket`, `table_student_materi`.`url_alive` as `custom_url_alive`
FROM `table_materi`
JOIN `table_student_materi` ON `table_materi`.`id` = `table_student_materi`.`id_materi`
WHERE `table_student_materi`.`id_materi` = \'15\'
AND `table_student_materi`.`username` = \'gumuruh\'')
 4 SYSTEMPATH\Database\BaseBuilder.php(1629): CodeIgniter\Database\BaseConnection->query('SELECT `table_materi`.*, `table_student_materi`.`status`, `table_student_materi`.`paket`, `table_student_materi`.`url_alive` as `custom_url_alive`
FROM `table_materi`
JOIN `table_student_materi` ON `table_materi`.`id` = `table_student_materi`.`id_materi`
WHERE `table_student_materi`.`id_materi` = :table_student_materi.id_materi:
AND `table_student_materi`.`username` = :table_student_materi.username:', [...], false)
 5 APPPATH\Models\MateriModel.php(511): CodeIgniter\Database\BaseBuilder->get()
 6 APPPATH\Controllers\Home.php(388): App\Models\MateriModel->get_subscribed_materi('15', 'gumuruh')
 7 SYSTEMPATH\CodeIgniter.php(933): App\Controllers\Home->display_start_materi()
 8 SYSTEMPATH\CodeIgniter.php(509): CodeIgniter\CodeIgniter->runController(Object(App\Controllers\Home))
 9 SYSTEMPATH\CodeIgniter.php(355): CodeIgniter\CodeIgniter->handleRequest(null, Object(Config\Cache), false)
10 SYSTEMPATH\Boot.php(312): CodeIgniter\CodeIgniter->run()
11 SYSTEMPATH\Boot.php(67): CodeIgniter\Boot::runCodeIgniter(Object(CodeIgniter\CodeIgniter))
12 FCPATH\index.php(56): CodeIgniter\Boot::bootWeb(Object(Config\Paths))
INFO - 2026-04-18 14:34:33 --> Session: Class initialized using 'CodeIgniter\Session\Handlers\FileHandler' driver.
ERROR - 2026-04-18 14:34:33 --> mysqli_sql_exception: Unknown column 'table_pembahasan_custom.id_materi' in 'on clause' in C:\xampp\htdocs\portal-fgroupindonesia\system\Database\MySQLi\Connection.php:308
Stack trace:
#0 C:\xampp\htdocs\portal-fgroupindonesia\system\Database\MySQLi\Connection.php(308): mysqli->query('SELECT `table_p...', 0)
#1 C:\xampp\htdocs\portal-fgroupindonesia\system\Database\BaseConnection.php(722): CodeIgniter\Database\MySQLi\Connection->execute('SELECT `table_p...')
#2 C:\xampp\htdocs\portal-fgroupindonesia\system\Database\BaseConnection.php(636): CodeIgniter\Database\BaseConnection->simpleQuery('SELECT `table_p...')
#3 C:\xampp\htdocs\portal-fgroupindonesia\system\Database\BaseBuilder.php(1629): CodeIgniter\Database\BaseConnection->query('SELECT `table_p...', Array, false)
#4 C:\xampp\htdocs\portal-fgroupindonesia\app\Models\MateriModel.php(614): CodeIgniter\Database\BaseBuilder->get()
#5 C:\xampp\htdocs\portal-fgroupindonesia\app\Controllers\Home.php(409): App\Models\MateriModel->get_all_custom_detail_by(Array)
#6 C:\xampp\htdocs\portal-fgroupindonesia\system\CodeIgniter.php(933): App\Controllers\Home->display_start_materi()
#7 C:\xampp\htdocs\portal-fgroupindonesia\system\CodeIgniter.php(509): CodeIgniter\CodeIgniter->runController(Object(App\Controllers\Home))
#8 C:\xampp\htdocs\portal-fgroupindonesia\system\CodeIgniter.php(355): CodeIgniter\CodeIgniter->handleRequest(NULL, Object(Config\Cache), false)
#9 C:\xampp\htdocs\portal-fgroupindonesia\system\Boot.php(312): CodeIgniter\CodeIgniter->run()
#10 C:\xampp\htdocs\portal-fgroupindonesia\system\Boot.php(67): CodeIgniter\Boot::runCodeIgniter(Object(CodeIgniter\CodeIgniter))
#11 C:\xampp\htdocs\portal-fgroupindonesia\public\index.php(56): CodeIgniter\Boot::bootWeb(Object(Config\Paths))
#12 {main}
CRITICAL - 2026-04-18 14:34:33 --> CodeIgniter\Database\Exceptions\DatabaseException: Unknown column 'table_pembahasan_custom.id_materi' in 'on clause'
[Method: GET, Route: materi/start]
in SYSTEMPATH\Database\BaseConnection.php on line 676.
 1 SYSTEMPATH\Database\BaseBuilder.php(1629): CodeIgniter\Database\BaseConnection->query('SELECT `table_pembahasan_custom`.`judul`, `table_pembahasan_custom`.`id` as `id_pembahasan`, `table_materi`.`judul` as `nama_materi`, `table_materi`.`deskripsi` as `deskripsi_utama`, `table_materi`.`attachment`, `table_student_materi`.`status`
FROM `table_pembahasan_custom`
JOIN `table_materi` ON `table_materi`.`id` = `table_pembahasan_custom`.`id_materi`
JOIN `table_student_materi` ON `table_student_materi`.`id_materi` = `table_materi`.`id`
WHERE `id_user` = :id_user:
ORDER BY `table_pembahasan_custom`.`ordering_index` ASC', [...], false)
 2 APPPATH\Models\MateriModel.php(614): CodeIgniter\Database\BaseBuilder->get()
 3 APPPATH\Controllers\Home.php(409): App\Models\MateriModel->get_all_custom_detail_by([...])
 4 SYSTEMPATH\CodeIgniter.php(933): App\Controllers\Home->display_start_materi()
 5 SYSTEMPATH\CodeIgniter.php(509): CodeIgniter\CodeIgniter->runController(Object(App\Controllers\Home))
 6 SYSTEMPATH\CodeIgniter.php(355): CodeIgniter\CodeIgniter->handleRequest(null, Object(Config\Cache), false)
 7 SYSTEMPATH\Boot.php(312): CodeIgniter\CodeIgniter->run()
 8 SYSTEMPATH\Boot.php(67): CodeIgniter\Boot::runCodeIgniter(Object(CodeIgniter\CodeIgniter))
 9 FCPATH\index.php(56): CodeIgniter\Boot::bootWeb(Object(Config\Paths))
CRITICAL - 2026-04-18 14:34:33 --> [Caused by] CodeIgniter\Database\Exceptions\DatabaseException: Unknown column 'table_pembahasan_custom.id_materi' in 'on clause'
in SYSTEMPATH\Database\MySQLi\Connection.php on line 313.
 1 SYSTEMPATH\Database\BaseConnection.php(722): CodeIgniter\Database\MySQLi\Connection->execute('SELECT `table_pembahasan_custom`.`judul`, `table_pembahasan_custom`.`id` as `id_pembahasan`, `table_materi`.`judul` as `nama_materi`, `table_materi`.`deskripsi` as `deskripsi_utama`, `table_materi`.`attachment`, `table_student_materi`.`status`
FROM `table_pembahasan_custom`
JOIN `table_materi` ON `table_materi`.`id` = `table_pembahasan_custom`.`id_materi`
JOIN `table_student_materi` ON `table_student_materi`.`id_materi` = `table_materi`.`id`
WHERE `id_user` = \'16\'
ORDER BY `table_pembahasan_custom`.`ordering_index` ASC')
 2 SYSTEMPATH\Database\BaseConnection.php(636): CodeIgniter\Database\BaseConnection->simpleQuery('SELECT `table_pembahasan_custom`.`judul`, `table_pembahasan_custom`.`id` as `id_pembahasan`, `table_materi`.`judul` as `nama_materi`, `table_materi`.`deskripsi` as `deskripsi_utama`, `table_materi`.`attachment`, `table_student_materi`.`status`
FROM `table_pembahasan_custom`
JOIN `table_materi` ON `table_materi`.`id` = `table_pembahasan_custom`.`id_materi`
JOIN `table_student_materi` ON `table_student_materi`.`id_materi` = `table_materi`.`id`
WHERE `id_user` = \'16\'
ORDER BY `table_pembahasan_custom`.`ordering_index` ASC')
 3 SYSTEMPATH\Database\BaseBuilder.php(1629): CodeIgniter\Database\BaseConnection->query('SELECT `table_pembahasan_custom`.`judul`, `table_pembahasan_custom`.`id` as `id_pembahasan`, `table_materi`.`judul` as `nama_materi`, `table_materi`.`deskripsi` as `deskripsi_utama`, `table_materi`.`attachment`, `table_student_materi`.`status`
FROM `table_pembahasan_custom`
JOIN `table_materi` ON `table_materi`.`id` = `table_pembahasan_custom`.`id_materi`
JOIN `table_student_materi` ON `table_student_materi`.`id_materi` = `table_materi`.`id`
WHERE `id_user` = :id_user:
ORDER BY `table_pembahasan_custom`.`ordering_index` ASC', [...], false)
 4 APPPATH\Models\MateriModel.php(614): CodeIgniter\Database\BaseBuilder->get()
 5 APPPATH\Controllers\Home.php(409): App\Models\MateriModel->get_all_custom_detail_by([...])
 6 SYSTEMPATH\CodeIgniter.php(933): App\Controllers\Home->display_start_materi()
 7 SYSTEMPATH\CodeIgniter.php(509): CodeIgniter\CodeIgniter->runController(Object(App\Controllers\Home))
 8 SYSTEMPATH\CodeIgniter.php(355): CodeIgniter\CodeIgniter->handleRequest(null, Object(Config\Cache), false)
 9 SYSTEMPATH\Boot.php(312): CodeIgniter\CodeIgniter->run()
10 SYSTEMPATH\Boot.php(67): CodeIgniter\Boot::runCodeIgniter(Object(CodeIgniter\CodeIgniter))
11 FCPATH\index.php(56): CodeIgniter\Boot::bootWeb(Object(Config\Paths))
CRITICAL - 2026-04-18 14:34:33 --> [Caused by] mysqli_sql_exception: Unknown column 'table_pembahasan_custom.id_materi' in 'on clause'
in SYSTEMPATH\Database\MySQLi\Connection.php on line 308.
 1 SYSTEMPATH\Database\MySQLi\Connection.php(308): mysqli->query('SELECT `table_pembahasan_custom`.`judul`, `table_pembahasan_custom`.`id` as `id_pembahasan`, `table_materi`.`judul` as `nama_materi`, `table_materi`.`deskripsi` as `deskripsi_utama`, `table_materi`.`attachment`, `table_student_materi`.`status`
FROM `table_pembahasan_custom`
JOIN `table_materi` ON `table_materi`.`id` = `table_pembahasan_custom`.`id_materi`
JOIN `table_student_materi` ON `table_student_materi`.`id_materi` = `table_materi`.`id`
WHERE `id_user` = \'16\'
ORDER BY `table_pembahasan_custom`.`ordering_index` ASC', 0)
 2 SYSTEMPATH\Database\BaseConnection.php(722): CodeIgniter\Database\MySQLi\Connection->execute('SELECT `table_pembahasan_custom`.`judul`, `table_pembahasan_custom`.`id` as `id_pembahasan`, `table_materi`.`judul` as `nama_materi`, `table_materi`.`deskripsi` as `deskripsi_utama`, `table_materi`.`attachment`, `table_student_materi`.`status`
FROM `table_pembahasan_custom`
JOIN `table_materi` ON `table_materi`.`id` = `table_pembahasan_custom`.`id_materi`
JOIN `table_student_materi` ON `table_student_materi`.`id_materi` = `table_materi`.`id`
WHERE `id_user` = \'16\'
ORDER BY `table_pembahasan_custom`.`ordering_index` ASC')
 3 SYSTEMPATH\Database\BaseConnection.php(636): CodeIgniter\Database\BaseConnection->simpleQuery('SELECT `table_pembahasan_custom`.`judul`, `table_pembahasan_custom`.`id` as `id_pembahasan`, `table_materi`.`judul` as `nama_materi`, `table_materi`.`deskripsi` as `deskripsi_utama`, `table_materi`.`attachment`, `table_student_materi`.`status`
FROM `table_pembahasan_custom`
JOIN `table_materi` ON `table_materi`.`id` = `table_pembahasan_custom`.`id_materi`
JOIN `table_student_materi` ON `table_student_materi`.`id_materi` = `table_materi`.`id`
WHERE `id_user` = \'16\'
ORDER BY `table_pembahasan_custom`.`ordering_index` ASC')
 4 SYSTEMPATH\Database\BaseBuilder.php(1629): CodeIgniter\Database\BaseConnection->query('SELECT `table_pembahasan_custom`.`judul`, `table_pembahasan_custom`.`id` as `id_pembahasan`, `table_materi`.`judul` as `nama_materi`, `table_materi`.`deskripsi` as `deskripsi_utama`, `table_materi`.`attachment`, `table_student_materi`.`status`
FROM `table_pembahasan_custom`
JOIN `table_materi` ON `table_materi`.`id` = `table_pembahasan_custom`.`id_materi`
JOIN `table_student_materi` ON `table_student_materi`.`id_materi` = `table_materi`.`id`
WHERE `id_user` = :id_user:
ORDER BY `table_pembahasan_custom`.`ordering_index` ASC', [...], false)
 5 APPPATH\Models\MateriModel.php(614): CodeIgniter\Database\BaseBuilder->get()
 6 APPPATH\Controllers\Home.php(409): App\Models\MateriModel->get_all_custom_detail_by([...])
 7 SYSTEMPATH\CodeIgniter.php(933): App\Controllers\Home->display_start_materi()
 8 SYSTEMPATH\CodeIgniter.php(509): CodeIgniter\CodeIgniter->runController(Object(App\Controllers\Home))
 9 SYSTEMPATH\CodeIgniter.php(355): CodeIgniter\CodeIgniter->handleRequest(null, Object(Config\Cache), false)
10 SYSTEMPATH\Boot.php(312): CodeIgniter\CodeIgniter->run()
11 SYSTEMPATH\Boot.php(67): CodeIgniter\Boot::runCodeIgniter(Object(CodeIgniter\CodeIgniter))
12 FCPATH\index.php(56): CodeIgniter\Boot::bootWeb(Object(Config\Paths))
INFO - 2026-04-18 14:36:55 --> Session: Class initialized using 'CodeIgniter\Session\Handlers\FileHandler' driver.
INFO - 2026-04-18 14:36:58 --> Session: Class initialized using 'CodeIgniter\Session\Handlers\FileHandler' driver.
INFO - 2026-04-18 16:36:59 --> Session: Class initialized using 'CodeIgniter\Session\Handlers\FileHandler' driver.
INFO - 2026-04-18 16:36:59 --> Session: Class initialized using 'CodeIgniter\Session\Handlers\FileHandler' driver.
INFO - 2026-04-18 16:40:22 --> Session: Class initialized using 'CodeIgniter\Session\Handlers\FileHandler' driver.
